id,name,brewery,content,imageUrl,oldId
"3rzgw0zw6-brand","男山","男山株式会社","<p>男山は、男山株式会社が展開する代表的な銘柄です。</p>",,"3rzgw0zw6"
"i341-7bb67c6-brand","国士無双","高砂酒造株式会社","<p>国士無双は、高砂酒造株式会社が展開する代表的な銘柄です。</p>",,"i341-7bb67c6"
"fd4l3m5b35pv-brand","千歳鶴","日本清酒株式会社","<p>千歳鶴は、日本清酒株式会社が展開する代表的な銘柄です。</p>",,"fd4l3m5b35pv"
"5fmj_8v-2k-brand","北の錦","小林酒造株式会社","<p>北の錦は、小林酒造株式会社が展開する代表的な銘柄です。</p>",,"5fmj_8v-2k"
"m8iqpy122ec-brand","北の勝","碓氷勝三郎商店","<p>北の勝は、碓氷勝三郎商店が展開する代表的な銘柄です。</p>",,"m8iqpy122ec"
"w4yc7twxsl-brand","国稀","国稀酒造株式会社","<p>国稀は、国稀酒造株式会社が展開する代表的な銘柄です。</p>",,"w4yc7twxsl"
"7jymgd4st-brand","金滴","金滴酒造株式会社","<p>金滴は、金滴酒造株式会社が展開する代表的な銘柄です。</p>",,"7jymgd4st"
"a1pc_eeuf-brand","二世古","有限会社二世古酒造","<p>二世古は、有限会社二世古酒造が展開する代表的な銘柄です。</p>",,"a1pc_eeuf"
"uppkd-0sb-brand","宝川","田中酒造株式会社","<p>宝川は、田中酒造株式会社が展開する代表的な銘柄です。</p>",,"uppkd-0sb"
"9ou1xde0rk-brand","福司","福司酒造株式会社","<p>福司は、福司酒造株式会社が展開する代表的な銘柄です。</p>",,"9ou1xde0rk"
"cwdtquc7ot-9-brand","神川","上川大雪酒造 緑丘蔵","<p>神川は、上川大雪酒造 緑丘蔵が展開する代表的な銘柄です。</p>",,"cwdtquc7ot-9"
"f6gugt63t-brand","十勝","上川大雪酒造 碧雲蔵","<p>十勝は、上川大雪酒造 碧雲蔵が展開する代表的な銘柄です。</p>",,"f6gugt63t"
"ls6kjtevg-brand","五稜","上川大雪酒造 五稜乃蔵","<p>五稜は、上川大雪酒造 五稜乃蔵が展開する代表的な銘柄です。</p>",,"ls6kjtevg"
"xm4uqi7nl-brand","三千櫻","三千櫻酒造株式会社","<p>三千櫻は、三千櫻酒造株式会社が展開する代表的な銘柄です。</p>",,"xm4uqi7nl"
"6l-vjn_6h89c-brand","郷宝","箱館醸蔵有限会社","<p>郷宝は、箱館醸蔵有限会社が展開する代表的な銘柄です。</p>",,"6l-vjn_6h89c"
"8miqcyv0du-brand","大雪乃蔵","合同酒精株式会社 旭川工場","<p>大雪乃蔵は、合同酒精株式会社 旭川工場が展開する代表的な銘柄です。</p>",,"8miqcyv0du"
"u76clm3tcs-brand","北鹿","株式会社北鹿","<p>北鹿は、株式会社北鹿が展開する代表的な銘柄です。</p>",,"u76clm3tcs"
"y_l_651bixcv-brand","千歳盛","千歳盛酒造株式会社","<p>千歳盛は、千歳盛酒造株式会社が展開する代表的な銘柄です。</p>",,"y_l_651bixcv"
"pn7ypsuq_4t-brand","喜久水","喜久水酒造合資会社","<p>喜久水は、喜久水酒造合資会社が展開する代表的な銘柄です。</p>",,"pn7ypsuq_4t"
"nc9s8efd3dd-brand","山本 / 白瀑","株式会社山本酒造店","<p>山本 / 白瀑は、株式会社山本酒造店が展開する代表的な銘柄です。</p>",,"nc9s8efd3dd"
"86nvk1wrt_51-brand","新政","新政酒造株式会社","<p>新政は、新政酒造株式会社が展開する代表的な銘柄です。</p>",,"86nvk1wrt_51"
"5nmf6hte_tp-brand","ゆきの美人","秋田醸造株式会社","<p>ゆきの美人は、秋田醸造株式会社が展開する代表的な銘柄です。</p>",,"5nmf6hte_tp"
"ng-dutdo060c-brand","高清水","秋田酒類製造株式会社","<p>高清水は、秋田酒類製造株式会社が展開する代表的な銘柄です。</p>",,"ng-dutdo060c"
"mfklx_kfln-brand","秋田晴 / 酔楽天","秋田酒造株式会社","<p>秋田晴 / 酔楽天は、秋田酒造株式会社が展開する代表的な銘柄です。</p>",,"mfklx_kfln"
"4a1rzs4h51-brand","銀鱗","株式会社那波商店","<p>銀鱗は、株式会社那波商店が展開する代表的な銘柄です。</p>",,"4a1rzs4h51"
"h7mj9zza9-brand","一白水成","福禄寿酒造株式会社","<p>一白水成は、福禄寿酒造株式会社が展開する代表的な銘柄です。</p>",,"h7mj9zza9"
"x_gxin8h3bc-brand","太平山","小玉醸造株式会社","<p>太平山は、小玉醸造株式会社が展開する代表的な銘柄です。</p>",,"x_gxin8h3bc"
"hkaz5mujekwu-brand","秋田誉","秋田誉酒造株式会社","<p>秋田誉は、秋田誉酒造株式会社が展開する代表的な銘柄です。</p>",,"hkaz5mujekwu"
"2liyn0razu-brand","雪の茅舎","株式会社齋彌酒造店","<p>雪の茅舎は、株式会社齋彌酒造店が展開する代表的な銘柄です。</p>",,"2liyn0razu"
"ej190o97t-brand","天寿 / 鳥海山","天寿酒造株式会社","<p>天寿 / 鳥海山は、天寿酒造株式会社が展開する代表的な銘柄です。</p>",,"ej190o97t"
"is0-9yi53-brand","飛良泉","株式会社飛良泉本舗","<p>飛良泉は、株式会社飛良泉本舗が展開する代表的な銘柄です。</p>",,"is0-9yi53"
"nt8gdth4q-brand","出羽の冨士","株式会社佐藤酒造店","<p>出羽の冨士は、株式会社佐藤酒造店が展開する代表的な銘柄です。</p>",,"nt8gdth4q"
"rfaolmbw6um-brand","福乃友 / 秋田犬","福乃友酒造株式会社","<p>福乃友 / 秋田犬は、福乃友酒造株式会社が展開する代表的な銘柄です。</p>",,"rfaolmbw6um"
"4crjsbftg2s1-brand","出羽鶴","出羽鶴酒造株式会社","<p>出羽鶴は、出羽鶴酒造株式会社が展開する代表的な銘柄です。</p>",,"4crjsbftg2s1"
"qlp8b6a2sd8-brand","刈穂","刈穂酒造株式会社","<p>刈穂は、刈穂酒造株式会社が展開する代表的な銘柄です。</p>",,"qlp8b6a2sd8"
"brn56_7eb-brand","千代緑","有限会社奥田酒造店","<p>千代緑は、有限会社奥田酒造店が展開する代表的な銘柄です。</p>",,"brn56_7eb"
"clq-jdxkp-brand","秀よし","合名会社鈴木酒造店","<p>秀よしは、合名会社鈴木酒造店が展開する代表的な銘柄です。</p>",,"clq-jdxkp"
"j3bsbzzdmump-brand","X3 / 金紋秋田","金紋秋田酒造株式会社","<p>X3 / 金紋秋田は、金紋秋田酒造株式会社が展開する代表的な銘柄です。</p>",,"j3bsbzzdmump"
"kufy3oj0e-brand","春霞","合名会社栗林酒造店","<p>春霞は、合名会社栗林酒造店が展開する代表的な銘柄です。</p>",,"kufy3oj0e"
"4nqby-r06a-brand","奥清水","株式会社高橋酒造店","<p>奥清水は、株式会社高橋酒造店が展開する代表的な銘柄です。</p>",,"4nqby-r06a"
"qir3tjcim11-brand","阿櫻","阿櫻酒造株式会社","<p>阿櫻は、阿櫻酒造株式会社が展開する代表的な銘柄です。</p>",,"qir3tjcim11"
"hhri5ymcj_03-brand","朝乃舞 / 田從","舞鶴酒造株式会社","<p>朝乃舞 / 田從は、舞鶴酒造株式会社が展開する代表的な銘柄です。</p>",,"hhri5ymcj_03"
"118pi_j-n-brand","天の戸","浅舞酒造株式会社","<p>天の戸は、浅舞酒造株式会社が展開する代表的な銘柄です。</p>",,"118pi_j-n"
"7vww2jtgg1k-brand","大納川 / 天花","株式会社大納川","<p>大納川 / 天花は、株式会社大納川が展開する代表的な銘柄です。</p>",,"7vww2jtgg1k"
"frg2zhjhhn-brand","まんさくの花","日の丸醸造株式会社","<p>まんさくの花は、日の丸醸造株式会社が展開する代表的な銘柄です。</p>",,"frg2zhjhhn"
"1juyfk348-brand","両関 / 花邑 / 翠玉","両関酒造株式会社","<p>両関 / 花邑 / 翠玉は、両関酒造株式会社が展開する代表的な銘柄です。</p>",,"1juyfk348"
"dgn3ivak1r-brand","爛漫","秋田銘醸株式会社","<p>爛漫は、秋田銘醸株式会社が展開する代表的な銘柄です。</p>",,"dgn3ivak1r"
"gwy-ep5jg95-brand","福小町 / 角右衛門","株式会社木村酒造","<p>福小町 / 角右衛門は、株式会社木村酒造が展開する代表的な銘柄です。</p>",,"gwy-ep5jg95"
"oq_e3ekjvot-brand","一滴千両","秋田県醗酵工業株式会社","<p>一滴千両は、秋田県醗酵工業株式会社が展開する代表的な銘柄です。</p>",,"oq_e3ekjvot"
"re26ly2ia-brand","田酒 / 喜久泉","株式会社西田酒造店","<p>田酒 / 喜久泉は、株式会社西田酒造店が展開する代表的な銘柄です。</p>",,"re26ly2ia"
"rqq2fixol-brand","陸奥八仙 / 陸奥男山","八戸酒造株式会社","<p>陸奥八仙 / 陸奥男山は、八戸酒造株式会社が展開する代表的な銘柄です。</p>",,"rqq2fixol"
"mxx1wts0obj-brand","八鶴","八戸酒類株式会社 八鶴工場","<p>八鶴は、八戸酒類株式会社 八鶴工場が展開する代表的な銘柄です。</p>",,"mxx1wts0obj"
"xy9tmu9q7-brand","如空","八戸酒類株式会社 五戸工場","<p>如空は、八戸酒類株式会社 五戸工場が展開する代表的な銘柄です。</p>",,"xy9tmu9q7"
"3csombqh3uo-brand","桃川","桃川株式会社","<p>桃川は、桃川株式会社が展開する代表的な銘柄です。</p>",,"3csombqh3uo"
"j9-tnpbdf2r-brand","鳩正宗 / 八甲田おろし","鳩正宗株式会社","<p>鳩正宗 / 八甲田おろしは、鳩正宗株式会社が展開する代表的な銘柄です。</p>",,"j9-tnpbdf2r"
"dj0hjoh380ay-brand","駒泉 / 七戸城","株式会社盛田庄兵衛","<p>駒泉 / 七戸城は、株式会社盛田庄兵衛が展開する代表的な銘柄です。</p>",,"dj0hjoh380ay"
"ke6xv-af5k9-brand","菊駒","菊駒酒造株式会社","<p>菊駒は、菊駒酒造株式会社が展開する代表的な銘柄です。</p>",,"ke6xv-af5k9"
"6a8wt0q61vz1-brand","関乃井","関乃井酒造株式会社","<p>関乃井は、関乃井酒造株式会社が展開する代表的な銘柄です。</p>",,"6a8wt0q61vz1"
"omtkjcjoh-brand","安東水軍 / 神の座","尾崎酒造株式会社","<p>安東水軍 / 神の座は、尾崎酒造株式会社が展開する代表的な銘柄です。</p>",,"omtkjcjoh"
"0i8bvm9ig-brand","豊盃","三浦酒造株式会社","<p>豊盃は、三浦酒造株式会社が展開する代表的な銘柄です。</p>",,"0i8bvm9ig"
"oq1d8i_hba-brand","六根 / 松緑","松緑酒造株式会社","<p>六根 / 松緑は、松緑酒造株式会社が展開する代表的な銘柄です。</p>",,"oq1d8i_hba"
"xo6rsf5wz0pv-brand","白神","白神酒造株式会社","<p>白神は、白神酒造株式会社が展開する代表的な銘柄です。</p>",,"xo6rsf5wz0pv"
"u691q8b079-brand","斬 / 津軽娘","株式会社カネタ玉田酒造店","<p>斬 / 津軽娘は、株式会社カネタ玉田酒造店が展開する代表的な銘柄です。</p>",,"u691q8b079"
"res1pfh21yds-brand","菊乃井 / 稲村屋","株式会社鳴海醸造店","<p>菊乃井 / 稲村屋は、株式会社鳴海醸造店が展開する代表的な銘柄です。</p>",,"res1pfh21yds"
"mk1-o2q9zr5v-brand","亀吉 / 玉垂","株式会社中村亀吉","<p>亀吉 / 玉垂は、株式会社中村亀吉が展開する代表的な銘柄です。</p>",,"mk1-o2q9zr5v"
"mggww1a_r-brand","七郎兵衛 / 岩木正宗","竹浪酒造店","<p>七郎兵衛 / 岩木正宗は、竹浪酒造店が展開する代表的な銘柄です。</p>",,"mggww1a_r"
"uedhv_dlo-brand","じょっぱり","青森銘醸株式会社","<p>じょっぱりは、青森銘醸株式会社が展開する代表的な銘柄です。</p>",,"uedhv_dlo"
"ip_8z-3yjnqe-brand","十四代","高木酒造株式会社","<p>十四代は、高木酒造株式会社が展開する代表的な銘柄です。</p>",,"ip_8z-3yjnqe"
"q6eamfhvx-brand","くどき上手","亀の井酒造株式会社","<p>くどき上手は、亀の井酒造株式会社が展開する代表的な銘柄です。</p>",,"q6eamfhvx"
"ldd8mdhnfzaa-brand","出羽桜","出羽桜酒造株式会社","<p>出羽桜は、出羽桜酒造株式会社が展開する代表的な銘柄です。</p>",,"ldd8mdhnfzaa"
"60j8vyqeud5-brand","楯野川","楯の川酒造株式会社","<p>楯野川は、楯の川酒造株式会社が展開する代表的な銘柄です。</p>",,"60j8vyqeud5"
"wg-oezm54-brand","山形正宗","株式会社水戸部酒造","<p>山形正宗は、株式会社水戸部酒造が展開する代表的な銘柄です。</p>",,"wg-oezm54"
"s_t8tdcqfs8k-brand","東光","株式会社小嶋総本店","<p>東光は、株式会社小嶋総本店が展開する代表的な銘柄です。</p>",,"s_t8tdcqfs8k"
"yobgj2edu4-brand","初孫","東北銘醸株式会社","<p>初孫は、東北銘醸株式会社が展開する代表的な銘柄です。</p>",,"yobgj2edu4"
"t11x1as0phlp-brand","大山","加藤嘉八郎酒造株式会社","<p>大山は、加藤嘉八郎酒造株式会社が展開する代表的な銘柄です。</p>",,"t11x1as0phlp"
"2uu3iu5owjw-brand","鯉川 / 亀治好日","鯉川酒造株式会社","<p>鯉川 / 亀治好日は、鯉川酒造株式会社が展開する代表的な銘柄です。</p>",,"2uu3iu5owjw"
"xix69o80jp-brand","上喜元","酒田酒造株式会社","<p>上喜元は、酒田酒造株式会社が展開する代表的な銘柄です。</p>",,"xix69o80jp"
"b65jv2ak91-brand","裏・雅山流 / 雅山流","有限会社新藤酒造店","<p>裏・雅山流 / 雅山流は、有限会社新藤酒造店が展開する代表的な銘柄です。</p>",,"b65jv2ak91"
"u60g8ce3wre9-brand","米鶴 / まほろば","米鶴酒造株式会社","<p>米鶴 / まほろばは、米鶴酒造株式会社が展開する代表的な銘柄です。</p>",,"u60g8ce3wre9"
"xoe6bn1zk-brand","白露垂珠","竹の露合資会社","<p>白露垂珠は、竹の露合資会社が展開する代表的な銘柄です。</p>",,"xoe6bn1zk"
"60o2ly0f_fa-brand","和田来 / 出羽ノ雪","株式会社渡會本店","<p>和田来 / 出羽ノ雪は、株式会社渡會本店が展開する代表的な銘柄です。</p>",,"60o2ly0f_fa"
"thoizbck76bu-brand","一生青春 / 磐城壽","株式会社鈴木酒造店 長井蔵","<p>一生青春 / 磐城壽は、株式会社鈴木酒造店 長井蔵が展開する代表的な銘柄です。</p>",,"thoizbck76bu"
"wdwmvdo4te-brand","辯天","後藤酒造店","<p>辯天は、後藤酒造店が展開する代表的な銘柄です。</p>",,"wdwmvdo4te"
"c7-c_svro-brand","羽陽男山","男山酒造株式会社","<p>羽陽男山は、男山酒造株式会社が展開する代表的な銘柄です。</p>",,"c7-c_svro"
"u5zmop5-t-brand","千代寿 / 虎睡","千代寿虎屋株式会社","<p>千代寿 / 虎睡は、千代寿虎屋株式会社が展開する代表的な銘柄です。</p>",,"u5zmop5-t"
"4ip6xgpm5y-brand","六歌仙 / 山法師","株式会社六歌仙","<p>六歌仙 / 山法師は、株式会社六歌仙が展開する代表的な銘柄です。</p>",,"4ip6xgpm5y"
"kmvftnmba-brand","秀鳳","有限会社秀鳳酒造場","<p>秀鳳は、有限会社秀鳳酒造場が展開する代表的な銘柄です。</p>",,"kmvftnmba"
"d2t79p1un82-brand","銀嶺月山","月山酒造株式会社","<p>銀嶺月山は、月山酒造株式会社が展開する代表的な銘柄です。</p>",,"d2t79p1un82"
"bbkjk9nf7fty-brand","菊勇 / 三十六人衆","菊勇株式会社","<p>菊勇 / 三十六人衆は、菊勇株式会社が展開する代表的な銘柄です。</p>",,"bbkjk9nf7fty"
"304u1q964-brand","麓井 / 輝羅星","麓井酒造株式会社","<p>麓井 / 輝羅星は、麓井酒造株式会社が展開する代表的な銘柄です。</p>",,"304u1q964"
"013a1cy0xq4-brand","松嶺の富士","松山酒造株式会社","<p>松嶺の富士は、松山酒造株式会社が展開する代表的な銘柄です。</p>",,"013a1cy0xq4"
"bcumtkl5nl9-brand","清泉川","株式会社オードヴィ庄内","<p>清泉川は、株式会社オードヴィ庄内が展開する代表的な銘柄です。</p>",,"bcumtkl5nl9"
"cnv_06ljdz6p-brand","羽前白梅","羽根田酒造株式会社","<p>羽前白梅は、羽根田酒造株式会社が展開する代表的な銘柄です。</p>",,"cnv_06ljdz6p"
"jvh3w9t2i-brand","花羽陽","株式会社小屋酒造","<p>花羽陽は、株式会社小屋酒造が展開する代表的な銘柄です。</p>",,"jvh3w9t2i"
"uis0h1bwus1-brand","三百年の掟やぶり","寿虎屋酒造株式会社","<p>三百年の掟やぶりは、寿虎屋酒造株式会社が展開する代表的な銘柄です。</p>",,"uis0h1bwus1"
"h8kbf_gqletg-brand","朝日川","朝日川酒造株式会社","<p>朝日川は、朝日川酒造株式会社が展開する代表的な銘柄です。</p>",,"h8kbf_gqletg"
"tj63zlx5e-brand","あら玉","和田酒造合資会社","<p>あら玉は、和田酒造合資会社が展開する代表的な銘柄です。</p>",,"tj63zlx5e"
"h4t93-qnzkkj-brand","澤正宗","古澤酒造株式会社","<p>澤正宗は、古澤酒造株式会社が展開する代表的な銘柄です。</p>",,"h4t93-qnzkkj"
"0b0sp19xy-brand","一声","合名会社設楽酒造店","<p>一声は、合名会社設楽酒造店が展開する代表的な銘柄です。</p>",,"0b0sp19xy"
"6g13j5zsg-brand","東の麓 / 天弓","東の麓酒造有限会社","<p>東の麓 / 天弓は、東の麓酒造有限会社が展開する代表的な銘柄です。</p>",,"6g13j5zsg"
"fmffqcapyt_8-brand","加茂川","株式会社加茂川","<p>加茂川は、株式会社加茂川が展開する代表的な銘柄です。</p>",,"fmffqcapyt_8"
"bitjjngoq1wn-brand","櫻川","桜川酒造株式会社","<p>櫻川は、桜川酒造株式会社が展開する代表的な銘柄です。</p>",,"bitjjngoq1wn"
"wslcox2gmkd-brand","香梅","香坂酒造株式会社","<p>香梅は、香坂酒造株式会社が展開する代表的な銘柄です。</p>",,"wslcox2gmkd"
"3hoqn_vg7omy-brand","沖正宗","浜田株式会社","<p>沖正宗は、浜田株式会社が展開する代表的な銘柄です。</p>",,"3hoqn_vg7omy"
"a3mhu7erb9-brand","樽平 / 住吉","樽平酒造株式会社","<p>樽平 / 住吉は、樽平酒造株式会社が展開する代表的な銘柄です。</p>",,"a3mhu7erb9"
"jhcf9uj-p-brand","若乃井","若乃井酒造株式会社","<p>若乃井は、若乃井酒造株式会社が展開する代表的な銘柄です。</p>",,"jhcf9uj-p"
"jw7cybs2ap-brand","惣邑 / 惣右衛門","長沼合名会社","<p>惣邑 / 惣右衛門は、長沼合名会社が展開する代表的な銘柄です。</p>",,"jw7cybs2ap"
"j_xy55omt1-brand","吾有事 / 奥羽自慢","奥羽自慢株式会社","<p>吾有事 / 奥羽自慢は、奥羽自慢株式会社が展開する代表的な銘柄です。</p>",,"j_xy55omt1"
"k_yff4p0c3_q-brand","錦爛","錦爛酒造株式会社","<p>錦爛は、錦爛酒造株式会社が展開する代表的な銘柄です。</p>",,"k_yff4p0c3_q"
"y2d5ryy5l7-brand","桜川","桜川酒造株式会社","<p>桜川は、桜川酒造株式会社が展開する代表的な銘柄です。</p>",,"y2d5ryy5l7"
"m71v3nubk-brand","桜川","野澤酒造店","<p>桜川は、野澤酒造店が展開する代表的な銘柄です。</p>",,"m71v3nubk"
"al6t8bmfjp-brand","男山","株式会社山形本店","<p>男山は、株式会社山形本店が展開する代表的な銘柄です。</p>",,"al6t8bmfjp"
"n3u6qqq1aj-brand","清泉川","酒田米菓株式会社 / オードヴィ庄内","<p>清泉川は、酒田米菓株式会社 / オードヴィ庄内が展開する代表的な銘柄です。</p>",,"n3u6qqq1aj"
"tc-cghuuy-brand","寿虎屋酒造 / 千代寿虎屋","寿虎屋酒造 / 千代寿虎屋","<p>寿虎屋酒造 / 千代寿虎屋は、寿虎屋酒造 / 千代寿虎屋が展開する代表的な銘柄です。</p>",,"tc-cghuuy"
"1if1lfg2j9-brand","浦霞","株式会社佐浦","<p>浦霞は、株式会社佐浦が展開する代表的な銘柄です。</p>",,"1if1lfg2j9"
"ocl_-qo_z4i-brand","一ノ蔵 / すず音","株式会社一ノ蔵","<p>一ノ蔵 / すず音は、株式会社一ノ蔵が展開する代表的な銘柄です。</p>",,"ocl_-qo_z4i"
"au0qc0pd15-brand","伯楽星 / あたごのまつ","株式会社新澤醸造店","<p>伯楽星 / あたごのまつは、株式会社新澤醸造店が展開する代表的な銘柄です。</p>",,"au0qc0pd15"
"i_wjk4d70m63-brand","日高見","株式会社平孝酒造","<p>日高見は、株式会社平孝酒造が展開する代表的な銘柄です。</p>",,"i_wjk4d70m63"
"nvpes51-w-brand","勝山","仙台伊澤家 勝山酒造株式会社","<p>勝山は、仙台伊澤家 勝山酒造株式会社が展開する代表的な銘柄です。</p>",,"nvpes51-w"
"hpf8-8fxstbu-brand","宮寒梅","合名会社寒梅酒造","<p>宮寒梅は、合名会社寒梅酒造が展開する代表的な銘柄です。</p>",,"hpf8-8fxstbu"
"79xez9j8z-brand","墨廼江","墨廼江酒造株式会社","<p>墨廼江は、墨廼江酒造株式会社が展開する代表的な銘柄です。</p>",,"79xez9j8z"
"ip8z3qlxh2l-brand","萩の鶴 / 日輪田","萩野酒造株式会社","<p>萩の鶴 / 日輪田は、萩野酒造株式会社が展開する代表的な銘柄です。</p>",,"ip8z3qlxh2l"
"rx74ottpe3-brand","乾坤一","株式会社大沼酒造店","<p>乾坤一は、株式会社大沼酒造店が展開する代表的な銘柄です。</p>",,"rx74ottpe3"
"xsmwyjdlx3-brand","蔵王","蔵王酒造株式会社","<p>蔵王は、蔵王酒造株式会社が展開する代表的な銘柄です。</p>",,"xsmwyjdlx3"
"g3c47rr8s2-brand","阿部勘","阿部勘酒造株式会社","<p>阿部勘は、阿部勘酒造株式会社が展開する代表的な銘柄です。</p>",,"g3c47rr8s2"
"mssg3qx_h1-brand","山和 / わしが國","株式会社山和酒造店","<p>山和 / わしが國は、株式会社山和酒造店が展開する代表的な銘柄です。</p>",,"mssg3qx_h1"
"xfefcz6-x-brand","天上夢幻 / 鳴瀬川","株式会社中勇酒造店","<p>天上夢幻 / 鳴瀬川は、株式会社中勇酒造店が展開する代表的な銘柄です。</p>",,"xfefcz6-x"
"44ft4i0zf85-brand","真鶴","株式会社田中酒造店","<p>真鶴は、株式会社田中酒造店が展開する代表的な銘柄です。</p>",,"44ft4i0zf85"
"263xqszw90w8-brand","黄金澤 / 橘屋","川敬商店","<p>黄金澤 / 橘屋は、川敬商店が展開する代表的な銘柄です。</p>",,"263xqszw90w8"
"cgp939yo6vhu-brand","綿屋","金の井酒造株式会社","<p>綿屋は、金の井酒造株式会社が展開する代表的な銘柄です。</p>",,"cgp939yo6vhu"
"5s0ai-0imp-brand","栗駒山","千田酒造株式会社","<p>栗駒山は、千田酒造株式会社が展開する代表的な銘柄です。</p>",,"5s0ai-0imp"
"qv7shlu5nm43-brand","澤乃泉","石越醸造株式会社","<p>澤乃泉は、石越醸造株式会社が展開する代表的な銘柄です。</p>",,"qv7shlu5nm43"
"fzhsh7jnh-brand","蒼天伝 / 伏見男山","株式会社男山本店","<p>蒼天伝 / 伏見男山は、株式会社男山本店が展開する代表的な銘柄です。</p>",,"fzhsh7jnh"
"8xx9afjj00lv-brand","水鳥記 / 両国","株式会社角星","<p>水鳥記 / 両国は、株式会社角星が展開する代表的な銘柄です。</p>",,"8xx9afjj00lv"
"occ0qpfbbua-brand","宝船 浪の音 / 閖","有限会社佐々木酒造店","<p>宝船 浪の音 / 閖は、有限会社佐々木酒造店が展開する代表的な銘柄です。</p>",,"occ0qpfbbua"
"8_es9i_5h3na-brand","雪の松島","大和蔵酒造株式会社","<p>雪の松島は、大和蔵酒造株式会社が展開する代表的な銘柄です。</p>",,"8_es9i_5h3na"
"1qxe9ssbu-4h-brand","鳳陽","株式会社内ヶ崎酒造店","<p>鳳陽は、株式会社内ヶ崎酒造店が展開する代表的な銘柄です。</p>",,"1qxe9ssbu-4h"
"dad_uw9snquc-brand","森乃菊川","森民酒造本家","<p>森乃菊川は、森民酒造本家が展開する代表的な銘柄です。</p>",,"dad_uw9snquc"
"fko6jp-wdp-brand","南部美人","株式会社南部美人","<p>南部美人は、株式会社南部美人が展開する代表的な銘柄です。</p>",,"fko6jp-wdp"
"e1kkywlqc-0-brand","AKABU","赤武酒造株式会社","<p>AKABUは、赤武酒造株式会社が展開する代表的な銘柄です。</p>",,"e1kkywlqc-0"
"6stbyitfo6b1-brand","あさ開","株式会社あさ開","<p>あさ開は、株式会社あさ開が展開する代表的な銘柄です。</p>",,"6stbyitfo6b1"
"lgv45lz9s4-brand","菊の司 / 七福神","菊の司酒造株式会社","<p>菊の司 / 七福神は、菊の司酒造株式会社が展開する代表的な銘柄です。</p>",,"lgv45lz9s4"
"rmbp9iy-2-brand","桜顔","株式会社桜顔酒造","<p>桜顔は、株式会社桜顔酒造が展開する代表的な銘柄です。</p>",,"rmbp9iy-2"
"g06w422ldcl-brand","鷲の尾","株式会社わしの尾","<p>鷲の尾は、株式会社わしの尾が展開する代表的な銘柄です。</p>",,"g06w422ldcl"
"gbqse3xu5-brand","吾妻嶺","吾妻嶺酒造店","<p>吾妻嶺は、吾妻嶺酒造店が展開する代表的な銘柄です。</p>",,"gbqse3xu5"
"covlco8x3-brand","月の輪","有限会社月の輪酒造店","<p>月の輪は、有限会社月の輪酒造店が展開する代表的な銘柄です。</p>",,"covlco8x3"
"p9p5fhxt9tw-brand","廣喜","株式会社廣田酒造店","<p>廣喜は、株式会社廣田酒造店が展開する代表的な銘柄です。</p>",,"p9p5fhxt9tw"
"2e0-4p81j-brand","紫宙 / 廣野君","株式会社紫波酒造店","<p>紫宙 / 廣野君は、株式会社紫波酒造店が展開する代表的な銘柄です。</p>",,"2e0-4p81j"
"cq1da6l7jk-brand","堀の井","株式会社高橋酒造店","<p>堀の井は、株式会社高橋酒造店が展開する代表的な銘柄です。</p>",,"cq1da6l7jk"
"h6pt8nxv7-brand","酉与右衛門 / よえもん","川村酒造店","<p>酉与右衛門 / よえもんは、川村酒造店が展開する代表的な銘柄です。</p>",,"h6pt8nxv7"
"ewl2ci46s4-brand","タクシードライバー","喜久盛酒造株式会社","<p>タクシードライバーは、喜久盛酒造株式会社が展開する代表的な銘柄です。</p>",,"ewl2ci46s4"
"f8enmdka8lva-brand","国華の薫 / 遠野小町","上閉伊酒造株式会社","<p>国華の薫 / 遠野小町は、上閉伊酒造株式会社が展開する代表的な銘柄です。</p>",,"f8enmdka8lva"
"10cub0wtwx-brand","龍泉八重桜","泉金酒造株式会社","<p>龍泉八重桜は、泉金酒造株式会社が展開する代表的な銘柄です。</p>",,"10cub0wtwx"
"vkiu2j-xn-brand","千両男山","株式会社菱屋酒造店","<p>千両男山は、株式会社菱屋酒造店が展開する代表的な銘柄です。</p>",,"vkiu2j-xn"
"05wv-jb33fw9-brand","浜千鳥","株式会社浜千鳥","<p>浜千鳥は、株式会社浜千鳥が展開する代表的な銘柄です。</p>",,"05wv-jb33fw9"
"gf1k_j106f-brand","酔仙 / 雪っこ","酔仙酒造株式会社","<p>酔仙 / 雪っこは、酔仙酒造株式会社が展開する代表的な銘柄です。</p>",,"gf1k_j106f"
"wvkw_mtnblt-brand","世嬉の一","世嬉の一酒造株式会社","<p>世嬉の一は、世嬉の一酒造株式会社が展開する代表的な銘柄です。</p>",,"wvkw_mtnblt"
"d3_qnsuxg7i-brand","磐乃井 / 百磐","磐乃井酒造株式会社","<p>磐乃井 / 百磐は、磐乃井酒造株式会社が展開する代表的な銘柄です。</p>",,"d3_qnsuxg7i"
"b21jue0pp-b-brand","関山","両磐酒造株式会社","<p>関山は、両磐酒造株式会社が展開する代表的な銘柄です。</p>",,"b21jue0pp-b"
"9bvjoa67zf-brand","福来","株式会社福来","<p>福来は、株式会社福来が展開する代表的な銘柄です。</p>",,"9bvjoa67zf"
"qsp4i4nytim-brand","飛露喜 / 泉川","廣木酒造本店","<p>飛露喜 / 泉川は、廣木酒造本店が展開する代表的な銘柄です。</p>",,"qsp4i4nytim"
"tsmd1_5vdf-brand","寫樂 / 宮泉","宮泉銘醸株式会社","<p>寫樂 / 宮泉は、宮泉銘醸株式会社が展開する代表的な銘柄です。</p>",,"tsmd1_5vdf"
"11uerge02-brand","大七","大七酒造株式会社","<p>大七は、大七酒造株式会社が展開する代表的な銘柄です。</p>",,"11uerge02"
"81duuencop-brand","天明 / 一生青春","曙酒造株式会社","<p>天明 / 一生青春は、曙酒造株式会社が展開する代表的な銘柄です。</p>",,"81duuencop"
"yiz34ozu4-brand","会津娘","高橋庄作酒造店","<p>会津娘は、高橋庄作酒造店が展開する代表的な銘柄です。</p>",,"yiz34ozu4"
"jc2fz2y7710i-brand","廣戸川","松崎酒造株式会社","<p>廣戸川は、松崎酒造株式会社が展開する代表的な銘柄です。</p>",,"jc2fz2y7710i"
"8obttyjp1-brand","会津中将 / ゆり","鶴乃江酒造株式会社","<p>会津中将 / ゆりは、鶴乃江酒造株式会社が展開する代表的な銘柄です。</p>",,"8obttyjp1"
"4tc-9cbx2-brand","金寶自然酒 / 穏","株式会社仁井田本家","<p>金寶自然酒 / 穏は、株式会社仁井田本家が展開する代表的な銘柄です。</p>",,"4tc-9cbx2"
"yurs2rytq-brand","一歩己 / 東豊国","豊国酒造合資会社","<p>一歩己 / 東豊国は、豊国酒造合資会社が展開する代表的な銘柄です。</p>",,"yurs2rytq"
"ub8ef77v-g-brand","国権 / てふ","国権酒造株式会社","<p>国権 / てふは、国権酒造株式会社が展開する代表的な銘柄です。</p>",,"ub8ef77v-g"
"5a-aakjq9h3-brand","奥の松","奥の松酒造株式会社","<p>奥の松は、奥の松酒造株式会社が展開する代表的な銘柄です。</p>",,"5a-aakjq9h3"
"wg_nimtn1f72-brand","人気一","人気酒造株式会社","<p>人気一は、人気酒造株式会社が展開する代表的な銘柄です。</p>",,"wg_nimtn1f72"
"ym002f01q-brand","風が吹く","白井酒造店","<p>風が吹くは、白井酒造店が展開する代表的な銘柄です。</p>",,"ym002f01q"
"qnrouxq0e-brand","あぶくま","玄葉本店","<p>あぶくまは、玄葉本店が展開する代表的な銘柄です。</p>",,"qnrouxq0e"
"ppw3ep0oafy2-brand","笹の川 / 笹正宗","笹の川酒造株式会社","<p>笹の川 / 笹正宗は、笹の川酒造株式会社が展開する代表的な銘柄です。</p>",,"ppw3ep0oafy2"
"32mutejtn-brand","末廣","末廣酒造株式会社","<p>末廣は、末廣酒造株式会社が展開する代表的な銘柄です。</p>",,"32mutejtn"
"r00nd-gja-brand","榮川","榮川酒造株式会社","<p>榮川は、榮川酒造株式会社が展開する代表的な銘柄です。</p>",,"r00nd-gja"
"qf-_jlcfjlh-brand","名倉山","名倉山酒造株式会社","<p>名倉山は、名倉山酒造株式会社が展開する代表的な銘柄です。</p>",,"qf-_jlcfjlh"
"p0kvb8mvduld-brand","辰泉","辰泉酒造株式会社","<p>辰泉は、辰泉酒造株式会社が展開する代表的な銘柄です。</p>",,"p0kvb8mvduld"
"3tw7nit4gv3-brand","山の井 / 凛","会津酒造株式会社","<p>山の井 / 凛は、会津酒造株式会社が展開する代表的な銘柄です。</p>",,"3tw7nit4gv3"
"4o3n2vl0z5iq-brand","開当男山","開当男山酒造","<p>開当男山は、開当男山酒造が展開する代表的な銘柄です。</p>",,"4o3n2vl0z5iq"
"r1vg3zh-ls-brand","花泉 / ロマネスク","花泉酒造合名会社","<p>花泉 / ロマネスクは、花泉酒造合名会社が展開する代表的な銘柄です。</p>",,"r1vg3zh-ls"
"4of1w6f5bku-brand","ささまさむね","笹正宗酒造株式会社","<p>ささまさむねは、笹正宗酒造株式会社が展開する代表的な銘柄です。</p>",,"4of1w6f5bku"
"1h936uvos-brand","峰の雪 / 大和屋善内","峰の雪酒造場","<p>峰の雪 / 大和屋善内は、峰の雪酒造場が展開する代表的な銘柄です。</p>",,"1h936uvos"
"u5stzzikhgz-brand","弥右衛門","合資会社大和川酒造店","<p>弥右衛門は、合資会社大和川酒造店が展開する代表的な銘柄です。</p>",,"u5stzzikhgz"
"2nf_pkxl1r5w-brand","喜多の華 / 星自慢","株式会社喜多の華酒造場","<p>喜多の華 / 星自慢は、株式会社喜多の華酒造場が展開する代表的な銘柄です。</p>",,"2nf_pkxl1r5w"
"nyxvqrcdnnxa-brand","会津吉の川","合資会社吉の川酒造店","<p>会津吉の川は、合資会社吉の川酒造店が展開する代表的な銘柄です。</p>",,"nyxvqrcdnnxa"
"vgcb67n7s8f-brand","会津ほまれ / 播州一献","ほまれ酒造株式会社","<p>会津ほまれ / 播州一献は、ほまれ酒造株式会社が展開する代表的な銘柄です。</p>",,"vgcb67n7s8f"
"4do1kwqwsr1r-brand","奈良萬 / 夢心","夢心酒造株式会社","<p>奈良萬 / 夢心は、夢心酒造株式会社が展開する代表的な銘柄です。</p>",,"4do1kwqwsr1r"
"or50-m1yw9-brand","蔵粋","小原酒造株式会社","<p>蔵粋は、小原酒造株式会社が展開する代表的な銘柄です。</p>",,"or50-m1yw9"
"z9067qa61-brand","金水晶","金水晶酒造店","<p>金水晶は、金水晶酒造店が展開する代表的な銘柄です。</p>",,"z9067qa61"
"gdowusc-c-6g-brand","千功成","株式会社檜物屋酒造店","<p>千功成は、株式会社檜物屋酒造店が展開する代表的な銘柄です。</p>",,"gdowusc-c-6g"
"g9v_aiyc6a0-brand","雪小町","株式会社渡辺酒造本店","<p>雪小町は、株式会社渡辺酒造本店が展開する代表的な銘柄です。</p>",,"g9v_aiyc6a0"
"pkgl3uo4fe4-brand","自然郷 / こんにちは料理酒","合名会社大木代吉本店","<p>自然郷 / こんにちは料理酒は、合名会社大木代吉本店が展開する代表的な銘柄です。</p>",,"pkgl3uo4fe4"
"2gom09lk0_v-brand","陣屋 / 生粋左馬","有賀醸造合資会社","<p>陣屋 / 生粋左馬は、有賀醸造合資会社が展開する代表的な銘柄です。</p>",,"2gom09lk0_v"
"uimkfp-gafls-brand","千駒","千駒酒造株式会社","<p>千駒は、千駒酒造株式会社が展開する代表的な銘柄です。</p>",,"uimkfp-gafls"
"a7p_jvjvt-brand","白陽","大谷忠吉本店","<p>白陽は、大谷忠吉本店が展開する代表的な銘柄です。</p>",,"a7p_jvjvt"
"50u70tz2hh-brand","又兵衛","合名会社四家酒造店","<p>又兵衛は、合名会社四家酒造店が展開する代表的な銘柄です。</p>",,"50u70tz2hh"
"o-cmhofwx-brand","太平桜","太平桜酒造合資会社","<p>太平桜は、太平桜酒造合資会社が展開する代表的な銘柄です。</p>",,"o-cmhofwx"
"mx63-wm5m-brand","寿々乃井","寿々乃井酒造店","<p>寿々乃井は、寿々乃井酒造店が展開する代表的な銘柄です。</p>",,"mx63-wm5m"
"1qy6tsw749-brand","乗丹坊 / 磐梯山","磐梯酒造株式会社","<p>乗丹坊 / 磐梯山は、磐梯酒造株式会社が展開する代表的な銘柄です。</p>",,"1qy6tsw749"
"ku9xxsc3bpr-brand","白雪姫","白木澤酒造店","<p>白雪姫は、白木澤酒造店が展開する代表的な銘柄です。</p>",,"ku9xxsc3bpr"
"6ns9oj8b3w-brand","會津豊国 / ばんげぼんげ","豊国酒造合名会社","<p>會津豊国 / ばんげぼんげは、豊国酒造合名会社が展開する代表的な銘柄です。</p>",,"6ns9oj8b3w"
"lpluhsclcchs-brand","南郷 / 旡","矢澤酒造店","<p>南郷 / 旡は、矢澤酒造店が展開する代表的な銘柄です。</p>",,"lpluhsclcchs"
"s20e39bhm7-brand","藤乃井","有限会社佐藤酒造店","<p>藤乃井は、有限会社佐藤酒造店が展開する代表的な銘柄です。</p>",,"s20e39bhm7"
"nbmfmy2bta-brand","白陽","白河銘醸株式会社","<p>白陽は、白河銘醸株式会社が展開する代表的な銘柄です。</p>",,"nbmfmy2bta"
"z2xnpml-m-brand","寿玉","寿玉酒造株式会社","<p>寿玉は、寿玉酒造株式会社が展開する代表的な銘柄です。</p>",,"z2xnpml-m"
"skyqyi5qkit0-brand","金水晶販売","有限会社本多商会","<p>金水晶販売は、有限会社本多商会が展開する代表的な銘柄です。</p>",,"skyqyi5qkit0"
"zl5v9twk5e62-brand","越乃寒梅","石本酒造株式会社","<p>越乃寒梅は、石本酒造株式会社が展開する代表的な銘柄です。</p>",,"zl5v9twk5e62"
"a7m884u-a-brand","今代司","今代司酒造株式会社","<p>今代司は、今代司酒造株式会社が展開する代表的な銘柄です。</p>",,"a7m884u-a"
"l9mj8h9tl1pb-brand","越後鶴亀","株式会社越後鶴亀","<p>越後鶴亀は、株式会社越後鶴亀が展開する代表的な銘柄です。</p>",,"l9mj8h9tl1pb"
"xmo4qgz5251-brand","越路吹雪","高野酒造株式会社","<p>越路吹雪は、高野酒造株式会社が展開する代表的な銘柄です。</p>",,"xmo4qgz5251"
"gjj0zw3k192-brand","越乃梅里","DHC酒造","<p>越乃梅里は、DHC酒造が展開する代表的な銘柄です。</p>",,"gjj0zw3k192"
"0b2-r2soex-brand","笹祝","笹祝酒造株式会社","<p>笹祝は、笹祝酒造株式会社が展開する代表的な銘柄です。</p>",,"0b2-r2soex"
"1rqpusawwbd-brand","COWBOY / のみきり","塩川酒造株式会社","<p>COWBOY / のみきりは、塩川酒造株式会社が展開する代表的な銘柄です。</p>",,"1rqpusawwbd"
"ehe7fdios-brand","峰乃白梅 / 菱湖","峰乃白梅酒造株式会社","<p>峰乃白梅 / 菱湖は、峰乃白梅酒造株式会社が展開する代表的な銘柄です。</p>",,"ehe7fdios"
"7y-7e_j35d-brand","越乃八豊","越後酒造場","<p>越乃八豊は、越後酒造場が展開する代表的な銘柄です。</p>",,"7y-7e_j35d"
"y1epet9scxfp-brand","宝山","宝山酒造株式会社","<p>宝山は、宝山酒造株式会社が展開する代表的な銘柄です。</p>",,"y1epet9scxfp"
"s9g74atvwg-brand","翔空","LAGOON BREWERY","<p>翔空は、LAGOON BREWERYが展開する代表的な銘柄です。</p>",,"s9g74atvwg"
"dln-ku-03-brand","〆張鶴","宮尾酒造株式会社","<p>〆張鶴は、宮尾酒造株式会社が展開する代表的な銘柄です。</p>",,"dln-ku-03"
"v133at8ood-brand","大洋盛","大洋酒造株式会社","<p>大洋盛は、大洋酒造株式会社が展開する代表的な銘柄です。</p>",,"v133at8ood"
"0u34y4und0-brand","村祐 / 花越路","村祐酒造株式会社","<p>村祐 / 花越路は、村祐酒造株式会社が展開する代表的な銘柄です。</p>",,"0u34y4und0"
"y21okbvr5rc-brand","菊水 / ふなぐち","菊水酒造株式会社","<p>菊水 / ふなぐちは、菊水酒造株式会社が展開する代表的な銘柄です。</p>",,"y21okbvr5rc"
"e5plmc-5l5-brand","王紋 / 夢","王紋酒造株式会社","<p>王紋 / 夢は、王紋酒造株式会社が展開する代表的な銘柄です。</p>",,"e5plmc-5l5"
"01kwg2adn3g-brand","金升 / 初花","金升酒造株式会社","<p>金升 / 初花は、金升酒造株式会社が展開する代表的な銘柄です。</p>",,"01kwg2adn3g"
"y-ylj03b9uk6-brand","ふじの井","ふじの井酒造株式会社","<p>ふじの井は、ふじの井酒造株式会社が展開する代表的な銘柄です。</p>",,"y-ylj03b9uk6"
"uy3154umaue7-brand","麒麟山","麒麟山酒造株式会社","<p>麒麟山は、麒麟山酒造株式会社が展開する代表的な銘柄です。</p>",,"uy3154umaue7"
"jc2ac4wal17-brand","蒲原 / 麒麟","下越酒造株式会社","<p>蒲原 / 麒麟は、下越酒造株式会社が展開する代表的な銘柄です。</p>",,"jc2ac4wal17"
"mu3_0b0by1x-brand","白龍","白龍酒造株式会社","<p>白龍は、白龍酒造株式会社が展開する代表的な銘柄です。</p>",,"mu3_0b0by1x"
"1bfobi83eapa-brand","菅名岳 / 越乃鹿六","近藤酒造株式会社","<p>菅名岳 / 越乃鹿六は、近藤酒造株式会社が展開する代表的な銘柄です。</p>",,"1bfobi83eapa"
"fh8bt_143p-brand","越後杜氏","金鵄盃酒造株式会社","<p>越後杜氏は、金鵄盃酒造株式会社が展開する代表的な銘柄です。</p>",,"fh8bt_143p"
"4uk0nyllzgur-brand","こしのはくせつ / 彌彦愛國","弥彦酒造株式会社","<p>こしのはくせつ / 彌彦愛國は、弥彦酒造株式会社が展開する代表的な銘柄です。</p>",,"4uk0nyllzgur"
"b11uq0akx5c-brand","久保田 / 朝日山","朝日酒造株式会社","<p>久保田 / 朝日山は、朝日酒造株式会社が展開する代表的な銘柄です。</p>",,"b11uq0akx5c"
"7_p2uxxya-brand","吉乃川 / 極上吉乃川","吉乃川株式会社","<p>吉乃川 / 極上吉乃川は、吉乃川株式会社が展開する代表的な銘柄です。</p>",,"7_p2uxxya"
"20ub9bdqm0-brand","雪紅梅 / 越後雪紅梅","長谷川酒造株式会社","<p>雪紅梅 / 越後雪紅梅は、長谷川酒造株式会社が展開する代表的な銘柄です。</p>",,"20ub9bdqm0"
"0d_5j2ac2w_z-brand","柏露","柏露酒造株式会社","<p>柏露は、柏露酒造株式会社が展開する代表的な銘柄です。</p>",,"0d_5j2ac2w_z"
"9_-e57zt-orq-brand","越乃景虎","諸橋酒造株式会社","<p>越乃景虎は、諸橋酒造株式会社が展開する代表的な銘柄です。</p>",,"9_-e57zt-orq"
"4kk84m55nbv-brand","お福正宗","お福酒造株式会社","<p>お福正宗は、お福酒造株式会社が展開する代表的な銘柄です。</p>",,"4kk84m55nbv"
"4-n2-q9h1m6-brand","和楽互尊","池浦酒造株式会社","<p>和楽互尊は、池浦酒造株式会社が展開する代表的な銘柄です。</p>",,"4-n2-q9h1m6"
"ki3wybi1q-brand","八海山","八海醸造株式会社","<p>八海山は、八海醸造株式会社が展開する代表的な銘柄です。</p>",,"ki3wybi1q"
"il5v9-5r1q-brand","鶴齢 / 雪男","青木酒造株式会社","<p>鶴齢 / 雪男は、青木酒造株式会社が展開する代表的な銘柄です。</p>",,"il5v9-5r1q"
"54o7kl7qsta7-brand","高千代 / たかちよ","高千代酒造株式会社","<p>高千代 / たかちよは、高千代酒造株式会社が展開する代表的な銘柄です。</p>",,"54o7kl7qsta7"
"eohekniknp4y-brand","上善如水","白瀧酒造株式会社","<p>上善如水は、白瀧酒造株式会社が展開する代表的な銘柄です。</p>",,"eohekniknp4y"
"sot_zplet-brand","緑川","緑川酒造株式会社","<p>緑川は、緑川酒造株式会社が展開する代表的な銘柄です。</p>",,"sot_zplet"
"z0byjef07-brand","玉風味 / 越後武士","玉川酒造株式会社","<p>玉風味 / 越後武士は、玉川酒造株式会社が展開する代表的な銘柄です。</p>",,"z0byjef07"
"bgcd97m7n-brand","天神囃子","魚沼酒造株式会社","<p>天神囃子は、魚沼酒造株式会社が展開する代表的な銘柄です。</p>",,"bgcd97m7n"
"zmjodfr1pzw-brand","松乃井","株式会社松乃井酒造場","<p>松乃井は、株式会社松乃井酒造場が展開する代表的な銘柄です。</p>",,"zmjodfr1pzw"
"ln55-honusnd-brand","苗場山","苗場酒造株式会社","<p>苗場山は、苗場酒造株式会社が展開する代表的な銘柄です。</p>",,"ln55-honusnd"
"ta_hcnc4j-brand","霧の塔 / 郷","津南醸造株式会社","<p>霧の塔 / 郷は、津南醸造株式会社が展開する代表的な銘柄です。</p>",,"ta_hcnc4j"
"nztk18wh3u6o-brand","長者盛 / 越の寒中梅","新潟銘醸株式会社","<p>長者盛 / 越の寒中梅は、新潟銘醸株式会社が展開する代表的な銘柄です。</p>",,"nztk18wh3u6o"
"n_3n7lzwu-brand","たかの井 / 田友","高の井酒造株式会社","<p>たかの井 / 田友は、高の井酒造株式会社が展開する代表的な銘柄です。</p>",,"n_3n7lzwu"
"tnw669ij9-brand","越乃白雁 / 越白鳥","中川酒造株式会社","<p>越乃白雁 / 越白鳥は、中川酒造株式会社が展開する代表的な銘柄です。</p>",,"tnw669ij9"
"9o90eadozvp-brand","想天坊 / 福扇","河忠酒造株式会社","<p>想天坊 / 福扇は、河忠酒造株式会社が展開する代表的な銘柄です。</p>",,"9o90eadozvp"
"6t-1z8l_su-brand","群亀","関原酒造株式会社","<p>群亀は、関原酒造株式会社が展開する代表的な銘柄です。</p>",,"6t-1z8l_su"
"nyoh59ylbf-brand","清泉 / 夏子の酒","久須美酒造株式会社","<p>清泉 / 夏子の酒は、久須美酒造株式会社が展開する代表的な銘柄です。</p>",,"nyoh59ylbf"
"toa4iwd4esrr-brand","米百俵","栃倉酒造株式会社","<p>米百俵は、栃倉酒造株式会社が展開する代表的な銘柄です。</p>",,"toa4iwd4esrr"
"es-j59dv0n4-brand","住乃井","住乃井酒造株式会社","<p>住乃井は、住乃井酒造株式会社が展開する代表的な銘柄です。</p>",,"es-j59dv0n4"
"6tdzndwx0l-brand","越の鶴 / 本生 越の鶴","越銘醸株式会社","<p>越の鶴 / 本生 越の鶴は、越銘醸株式会社が展開する代表的な銘柄です。</p>",,"6tdzndwx0l"
"l_20foll0-brand","あべ / VEGA","阿部酒造株式会社","<p>あべ / VEGAは、阿部酒造株式会社が展開する代表的な銘柄です。</p>",,"l_20foll0"
"7tvrd5dhh-brand","越の誉","原酒造株式会社","<p>越の誉は、原酒造株式会社が展開する代表的な銘柄です。</p>",,"7tvrd5dhh"
"8x8ef8gmm-brand","姫の井 / かめぐち酒","石塚酒造株式会社","<p>姫の井 / かめぐち酒は、石塚酒造株式会社が展開する代表的な銘柄です。</p>",,"8x8ef8gmm"
"dyxp0r3ynm-brand","雪中梅","株式会社丸山酒造場","<p>雪中梅は、株式会社丸山酒造場が展開する代表的な銘柄です。</p>",,"dyxp0r3ynm"
"5gtsh-yay-brand","かたふね","合資会社竹田酒造店","<p>かたふねは、合資会社竹田酒造店が展開する代表的な銘柄です。</p>",,"5gtsh-yay"
"el0iv81hxzt-brand","妙高山","妙高酒造株式会社","<p>妙高山は、妙高酒造株式会社が展開する代表的な銘柄です。</p>",,"el0iv81hxzt"
"9no70bm87-brand","越路乃紅梅 / 久比岐","頚城酒造株式会社","<p>越路乃紅梅 / 久比岐は、頚城酒造株式会社が展開する代表的な銘柄です。</p>",,"9no70bm87"
"z49cw9tdd-brand","君の井","君の井酒造株式会社","<p>君の井は、君の井酒造株式会社が展開する代表的な銘柄です。</p>",,"z49cw9tdd"
"0zhymll7x2n5-brand","鮎正宗","鮎正宗酒造株式会社","<p>鮎正宗は、鮎正宗酒造株式会社が展開する代表的な銘柄です。</p>",,"0zhymll7x2n5"
"a56fwl4_2t-brand","千代の光","千代の光酒造株式会社","<p>千代の光は、千代の光酒造株式会社が展開する代表的な銘柄です。</p>",,"a56fwl4_2t"
"s-y4dp6wsn-brand","越の白鳥 / 山間","新潟第一酒造株式会社","<p>越の白鳥 / 山間は、新潟第一酒造株式会社が展開する代表的な銘柄です。</p>",,"s-y4dp6wsn"
"otqc6rkv4-brand","根知男山","合名会社渡辺酒造店","<p>根知男山は、合名会社渡辺酒造店が展開する代表的な銘柄です。</p>",,"otqc6rkv4"
"d57ogngk04-brand","月不見の池","猪又酒造株式会社","<p>月不見の池は、猪又酒造株式会社が展開する代表的な銘柄です。</p>",,"d57ogngk04"
"9b5-man7uh12-brand","謙信","池田屋酒造株式会社","<p>謙信は、池田屋酒造株式会社が展開する代表的な銘柄です。</p>",,"9b5-man7uh12"
"n3vhhbic8-brand","よしかわ杜氏","よしかわ杜氏の郷","<p>よしかわ杜氏は、よしかわ杜氏の郷が展開する代表的な銘柄です。</p>",,"n3vhhbic8"
"lf2jxjk-6ny2-brand","清正 / 越後屋","加藤酒造株式会社","<p>清正 / 越後屋は、加藤酒造株式会社が展開する代表的な銘柄です。</p>",,"lf2jxjk-6ny2"
"zfn8kry4s2dk-brand","越後春日山","小山酒造店","<p>越後春日山は、小山酒造店が展開する代表的な銘柄です。</p>",,"zfn8kry4s2dk"
"rq8e7lzzb5-brand","雪鶴","田原酒造株式会社","<p>雪鶴は、田原酒造株式会社が展開する代表的な銘柄です。</p>",,"rq8e7lzzb5"
"wsg-ojkncbw-brand","吟田川","代々菊醸造株式会社","<p>吟田川は、代々菊醸造株式会社が展開する代表的な銘柄です。</p>",,"wsg-ojkncbw"
"9olx1komrh3f-brand","萬寿鏡","株式会社マスカガミ","<p>萬寿鏡は、株式会社マスカガミが展開する代表的な銘柄です。</p>",,"9olx1komrh3f"
"q1xc-nch_v7-brand","北雪","株式会社北雪酒造","<p>北雪は、株式会社北雪酒造が展開する代表的な銘柄です。</p>",,"q1xc-nch_v7"
"7fyafit9j9-brand","真野鶴","尾畑酒造株式会社","<p>真野鶴は、尾畑酒造株式会社が展開する代表的な銘柄です。</p>",,"7fyafit9j9"
"0837g7xsccj1-brand","天領盃 / 雅楽代","天領盃酒造株式会社","<p>天領盃 / 雅楽代は、天領盃酒造株式会社が展開する代表的な銘柄です。</p>",,"0837g7xsccj1"
"475rauars-brand","金鶴 / 風和","有限会社加藤酒造店","<p>金鶴 / 風和は、有限会社加藤酒造店が展開する代表的な銘柄です。</p>",,"475rauars"
"ymkin0-93-brand","真稜 / 至","逸見酒造株式会社","<p>真稜 / 至は、逸見酒造株式会社が展開する代表的な銘柄です。</p>",,"ymkin0-93"
"r_tifjm57-brand","※廃業・統合等","佐渡銘醸株式会社","<p>※廃業・統合等は、佐渡銘醸株式会社が展開する代表的な銘柄です。</p>",,"r_tifjm57"
"wdjgt61ngc-brand","荷札酒 / 加茂錦","加茂錦酒造株式会社","<p>荷札酒 / 加茂錦は、加茂錦酒造株式会社が展開する代表的な銘柄です。</p>",,"wdjgt61ngc"
"j094_nel58z-brand","越乃雪椿","雪椿酒造株式会社","<p>越乃雪椿は、雪椿酒造株式会社が展開する代表的な銘柄です。</p>",,"j094_nel58z"
"xr6reyfod-brand","五十嵐川 / 福顔","株式会社福顔酒造","<p>五十嵐川 / 福顔は、株式会社福顔酒造が展開する代表的な銘柄です。</p>",,"xr6reyfod"
"axc-43_a1bbn-brand","加賀の井","加賀の井酒造株式会社","<p>加賀の井は、加賀の井酒造株式会社が展開する代表的な銘柄です。</p>",,"axc-43_a1bbn"
"ooh2mk432-brand","スキー正宗","武蔵野酒造株式会社","<p>スキー正宗は、武蔵野酒造株式会社が展開する代表的な銘柄です。</p>",,"ooh2mk432"
"rwdxudt1kta4-brand","能鷹","田中酒造株式会社","<p>能鷹は、田中酒造株式会社が展開する代表的な銘柄です。</p>",,"rwdxudt1kta4"
"59q4tbxxhbv-brand","越後桜","越後桜酒造株式会社","<p>越後桜は、越後桜酒造株式会社が展開する代表的な銘柄です。</p>",,"59q4tbxxhbv"
"7y4--lpshf-brand","代々泉 / 峰乃杜氏","越つかの酒造株式会社","<p>代々泉 / 峰乃杜氏は、越つかの酒造株式会社が展開する代表的な銘柄です。</p>",,"7y4--lpshf"
"132w8ubxcqtx-brand","伝衛門 / 越後伝衛門","株式会社越後伝衛門","<p>伝衛門 / 越後伝衛門は、株式会社越後伝衛門が展開する代表的な銘柄です。</p>",,"132w8ubxcqtx"
"u01_c94wj52-brand","長陵 / 八一","高橋酒造株式会社","<p>長陵 / 八一は、高橋酒造株式会社が展開する代表的な銘柄です。</p>",,"u01_c94wj52"
"azbwwir5cfv-brand","舞鶴鼓","恩田酒造株式会社","<p>舞鶴鼓は、恩田酒造株式会社が展開する代表的な銘柄です。</p>",,"azbwwir5cfv"
"gmfogs9hj-brand","采の森 / 初鷹","星野酒造株式会社","<p>采の森 / 初鷹は、星野酒造株式会社が展開する代表的な銘柄です。</p>",,"gmfogs9hj"
"cjoedf9ya6s-brand","越後貞尊","上越酒造株式会社","<p>越後貞尊は、上越酒造株式会社が展開する代表的な銘柄です。</p>",,"cjoedf9ya6s"
"x7y4vcsieg-b-brand","菊姫","菊姫合資会社","<p>菊姫は、菊姫合資会社が展開する代表的な銘柄です。</p>",,"x7y4vcsieg-b"
"i9o9557ced-brand","天狗舞 / 五凛","株式会社車多酒造","<p>天狗舞 / 五凛は、株式会社車多酒造が展開する代表的な銘柄です。</p>",,"i9o9557ced"
"o30niw9o6d4l-brand","手取川 / 吉田蔵u","株式会社吉田酒造店","<p>手取川 / 吉田蔵uは、株式会社吉田酒造店が展開する代表的な銘柄です。</p>",,"o30niw9o6d4l"
"r_cmet7jo6-brand","萬歳楽","株式会社小堀酒造店","<p>萬歳楽は、株式会社小堀酒造店が展開する代表的な銘柄です。</p>",,"r_cmet7jo6"
"qgydvgrc2y-brand","高砂","株式会社金谷酒造店","<p>高砂は、株式会社金谷酒造店が展開する代表的な銘柄です。</p>",,"qgydvgrc2y"
"wex3t6xftwc5-brand","加賀鳶 / 黒帯 / 福正宗","株式会社福光屋","<p>加賀鳶 / 黒帯 / 福正宗は、株式会社福光屋が展開する代表的な銘柄です。</p>",,"wex3t6xftwc5"
"ev16u22g0yss-brand","加賀鶴","やちや酒造株式会社","<p>加賀鶴は、やちや酒造株式会社が展開する代表的な銘柄です。</p>",,"ev16u22g0yss"
"nva55nwb7hj-brand","日榮 / 金澤中村屋","金沢中村酒造株式会社","<p>日榮 / 金澤中村屋は、金沢中村酒造株式会社が展開する代表的な銘柄です。</p>",,"nva55nwb7hj"
"1m7j1y_so10i-brand","御所泉","有限会社武内酒造店","<p>御所泉は、有限会社武内酒造店が展開する代表的な銘柄です。</p>",,"1m7j1y_so10i"
"99act8f8e-brand","長生舞 / 能登路","株式会社久世酒造店","<p>長生舞 / 能登路は、株式会社久世酒造店が展開する代表的な銘柄です。</p>",,"99act8f8e"
"eksji_pze8-brand","常きげん","鹿野酒造株式会社","<p>常きげんは、鹿野酒造株式会社が展開する代表的な銘柄です。</p>",,"eksji_pze8"
"gsrws_xpp2sy-brand","獅子の里","松浦酒造有限会社","<p>獅子の里は、松浦酒造有限会社が展開する代表的な銘柄です。</p>",,"gsrws_xpp2sy"
"2-5v50ti2dkm-brand","十代目 / 大日盛","橋本酒造株式会社","<p>十代目 / 大日盛は、橋本酒造株式会社が展開する代表的な銘柄です。</p>",,"2-5v50ti2dkm"
"uyc8-h_99o-brand","加賀ノ月","株式会社加越","<p>加賀ノ月は、株式会社加越が展開する代表的な銘柄です。</p>",,"uyc8-h_99o"
"17-olo8w0a2-brand","神泉","東酒造株式会社","<p>神泉は、東酒造株式会社が展開する代表的な銘柄です。</p>",,"17-olo8w0a2"
"c71q8z9-5e_6-brand","春心 / 金紋","合同会社西出酒造","<p>春心 / 金紋は、合同会社西出酒造が展開する代表的な銘柄です。</p>",,"c71q8z9-5e_6"
"73ngm-g4q-brand","菊鶴","合資会社手塚酒造場","<p>菊鶴は、合資会社手塚酒造場が展開する代表的な銘柄です。</p>",,"73ngm-g4q"
"1e827a0y_s-brand","農口尚彦研究所","株式会社農口尚彦研究所","<p>農口尚彦研究所は、株式会社農口尚彦研究所が展開する代表的な銘柄です。</p>",,"1e827a0y_s"
"33_tuyubo2mx-brand","農口","農口酒造株式会社","<p>農口は、農口酒造株式会社が展開する代表的な銘柄です。</p>",,"33_tuyubo2mx"
"1l4tzs5xz-brand","夢醸","株式会社宮本酒造店","<p>夢醸は、株式会社宮本酒造店が展開する代表的な銘柄です。</p>",,"1l4tzs5xz"
"vkj319uzh4-brand","遊穂","御祖酒造株式会社","<p>遊穂は、御祖酒造株式会社が展開する代表的な銘柄です。</p>",,"vkj319uzh4"
"e3r4zqlnccv-brand","朱鷺の里","見砂酒造株式会社","<p>朱鷺の里は、見砂酒造株式会社が展開する代表的な銘柄です。</p>",,"e3r4zqlnccv"
"qh25wh60anf-brand","池月","鳥屋酒造株式会社","<p>池月は、鳥屋酒造株式会社が展開する代表的な銘柄です。</p>",,"qh25wh60anf"
"19sunury99-brand","二羽鶴","合資会社二羽鶴酒造場","<p>二羽鶴は、合資会社二羽鶴酒造場が展開する代表的な銘柄です。</p>",,"19sunury99"
"5cjrsrh6p-brand","春山","有限会社春成酒造店","<p>春山は、有限会社春成酒造店が展開する代表的な銘柄です。</p>",,"5cjrsrh6p"
"hjtg4l13200h-brand","天平","合資会社布施酒造店","<p>天平は、合資会社布施酒造店が展開する代表的な銘柄です。</p>",,"hjtg4l13200h"
"gn1bd8-03s-brand","宗玄","宗玄酒造株式会社","<p>宗玄は、宗玄酒造株式会社が展開する代表的な銘柄です。</p>",,"gn1bd8-03s"
"ozt8ozv15x-brand","初桜 / 大慶","櫻田酒造株式会社","<p>初桜 / 大慶は、櫻田酒造株式会社が展開する代表的な銘柄です。</p>",,"ozt8ozv15x"
"t8o3jerrd-brand","竹葉","数馬酒造株式会社","<p>竹葉は、数馬酒造株式会社が展開する代表的な銘柄です。</p>",,"t8o3jerrd"
"k-icdv6lzwv3-brand","大江山","松波酒造株式会社","<p>大江山は、松波酒造株式会社が展開する代表的な銘柄です。</p>",,"k-icdv6lzwv3"
"3ri_scpeoj54-brand","谷泉","株式会社鶴野酒造店","<p>谷泉は、株式会社鶴野酒造店が展開する代表的な銘柄です。</p>",,"3ri_scpeoj54"
"eg0q-xlw1qes-brand","奥能登の白菊","株式会社白藤酒造店","<p>奥能登の白菊は、株式会社白藤酒造店が展開する代表的な銘柄です。</p>",,"eg0q-xlw1qes"
"fenov427z-brand","能登誉","株式会社清水酒造店","<p>能登誉は、株式会社清水酒造店が展開する代表的な銘柄です。</p>",,"fenov427z"
"uv8qvm9tfd4-brand","金瓢白駒","日吉酒造店","<p>金瓢白駒は、日吉酒造店が展開する代表的な銘柄です。</p>",,"uv8qvm9tfd4"
"unams7yoya0-brand","能登末廣","合名会社中島酒造店","<p>能登末廣は、合名会社中島酒造店が展開する代表的な銘柄です。</p>",,"unams7yoya0"
"0f0rm_415fe-brand","亀泉","中野酒造株式会社","<p>亀泉は、中野酒造株式会社が展開する代表的な銘柄です。</p>",,"0f0rm_415fe"
"dhbv-jsk61-brand","若緑","中納酒造株式会社","<p>若緑は、中納酒造株式会社が展開する代表的な銘柄です。</p>",,"dhbv-jsk61"
"p46p5na58-brand","満寿泉","株式会社桝田酒造店","<p>満寿泉は、株式会社桝田酒造店が展開する代表的な銘柄です。</p>",,"p46p5na58"
"2wm7hg9_5m-brand","羽根屋 / 富美菊","富美菊酒造株式会社","<p>羽根屋 / 富美菊は、富美菊酒造株式会社が展開する代表的な銘柄です。</p>",,"2wm7hg9_5m"
"y76dafq86ln-brand","勝駒","有限会社清都酒造場","<p>勝駒は、有限会社清都酒造場が展開する代表的な銘柄です。</p>",,"y76dafq86ln"
"7fhlg6oucwpx-brand","立山 / 銀嶺立山","立山酒造株式会社","<p>立山 / 銀嶺立山は、立山酒造株式会社が展開する代表的な銘柄です。</p>",,"7fhlg6oucwpx"
"c6-34ffowo-brand","IWA 5","株式会社白岩","<p>IWA 5は、株式会社白岩が展開する代表的な銘柄です。</p>",,"c6-34ffowo"
"xwvx_qeyb-brand","林 / 黒部峡","林酒造場","<p>林 / 黒部峡は、林酒造場が展開する代表的な銘柄です。</p>",,"xwvx_qeyb"
"odaijthwdnmy-brand","幻の瀧","皇国晴酒造株式会社","<p>幻の瀧は、皇国晴酒造株式会社が展開する代表的な銘柄です。</p>",,"odaijthwdnmy"
"20nd57lpdud1-brand","銀盤","銀盤酒造株式会社","<p>銀盤は、銀盤酒造株式会社が展開する代表的な銘柄です。</p>",,"20nd57lpdud1"
"6pc93o2uf-brand","帆波 / 北洋","株式会社魚津酒造","<p>帆波 / 北洋は、株式会社魚津酒造が展開する代表的な銘柄です。</p>",,"6pc93o2uf"
"japdcgse9-brand","千代鶴","千代鶴酒造合資会社","<p>千代鶴は、千代鶴酒造合資会社が展開する代表的な銘柄です。</p>",,"japdcgse9"
"d1wldpyplxv-brand","よしのとも","吉乃友酒造有限会社","<p>よしのともは、吉乃友酒造有限会社が展開する代表的な銘柄です。</p>",,"d1wldpyplxv"
"h66mcmo1oje-brand","風の盆","福鶴酒造株式会社","<p>風の盆は、福鶴酒造株式会社が展開する代表的な銘柄です。</p>",,"h66mcmo1oje"
"t43vfhbc5cby-brand","玉旭 / おわら娘 / ECHOES","玉旭酒造有限会社","<p>玉旭 / おわら娘 / ECHOESは、玉旭酒造有限会社が展開する代表的な銘柄です。</p>",,"t43vfhbc5cby"
"td6-nxyve-brand","曙 / 有磯 曙","株式会社髙澤酒造場","<p>曙 / 有磯 曙は、株式会社髙澤酒造場が展開する代表的な銘柄です。</p>",,"td6-nxyve"
"c04l0eerf87c-brand","苗加屋 / 若鶴","若鶴酒造株式会社","<p>苗加屋 / 若鶴は、若鶴酒造株式会社が展開する代表的な銘柄です。</p>",,"c04l0eerf87c"
"q5jwxgph_l-brand","太刀山","吉江酒造株式会社","<p>太刀山は、吉江酒造株式会社が展開する代表的な銘柄です。</p>",,"q5jwxgph_l"
"2wlas-j1a87y-brand","北一","黒田酒造株式会社","<p>北一は、黒田酒造株式会社が展開する代表的な銘柄です。</p>",,"2wlas-j1a87y"
"w7uohp3q1y-brand","成政","成政酒造株式会社","<p>成政は、成政酒造株式会社が展開する代表的な銘柄です。</p>",,"w7uohp3q1y"
"lxqcsxv26q-brand","三笑楽","三笑楽酒造株式会社","<p>三笑楽は、三笑楽酒造株式会社が展開する代表的な銘柄です。</p>",,"lxqcsxv26q"
"nkmgjo9av7-brand","若駒","合名会社若駒酒造場","<p>若駒は、合名会社若駒酒造場が展開する代表的な銘柄です。</p>",,"nkmgjo9av7"
"j83f9-fmt4y-brand","黒龍 / 九頭龍","黒龍酒造株式会社","<p>黒龍 / 九頭龍は、黒龍酒造株式会社が展開する代表的な銘柄です。</p>",,"j83f9-fmt4y"
"n2upak211no-brand","梵","合資会社加藤吉平商店","<p>梵は、合資会社加藤吉平商店が展開する代表的な銘柄です。</p>",,"n2upak211no"
"bo5lud147jt-brand","一本義 / 伝心","株式会社一本義久保本店","<p>一本義 / 伝心は、株式会社一本義久保本店が展開する代表的な銘柄です。</p>",,"bo5lud147jt"
"7m-upa3cnd8-brand","花垣","株式会社南部酒造場","<p>花垣は、株式会社南部酒造場が展開する代表的な銘柄です。</p>",,"7m-upa3cnd8"
"uz29bw1sf-brand","白龍","吉田酒造有限会社","<p>白龍は、吉田酒造有限会社が展開する代表的な銘柄です。</p>",,"uz29bw1sf"
"lpksshm0d55n-brand","白岳仙","安本酒造有限会社","<p>白岳仙は、安本酒造有限会社が展開する代表的な銘柄です。</p>",,"lpksshm0d55n"
"elwe_jalfz8-brand","常山","常山酒造合資会社","<p>常山は、常山酒造合資会社が展開する代表的な銘柄です。</p>",,"elwe_jalfz8"
"fuhtlt8uu-brand","早瀬浦","三宅彦右衛門酒造有限会社","<p>早瀬浦は、三宅彦右衛門酒造有限会社が展開する代表的な銘柄です。</p>",,"fuhtlt8uu"
"9j36cm4w3-brand","北の庄 / ひやおろし","舟木酒造合資会社","<p>北の庄 / ひやおろしは、舟木酒造合資会社が展開する代表的な銘柄です。</p>",,"9j36cm4w3"
"bd5jbpzrzl-brand","福千歳","田嶋酒造株式会社","<p>福千歳は、田嶋酒造株式会社が展開する代表的な銘柄です。</p>",,"bd5jbpzrzl"
"iehzbun5mlb-brand","雲乃井","株式会社吉田金右衛門商店","<p>雲乃井は、株式会社吉田金右衛門商店が展開する代表的な銘柄です。</p>",,"iehzbun5mlb"
"3hn0r-jac-brand","舞美人","美川酒造場","<p>舞美人は、美川酒造場が展開する代表的な銘柄です。</p>",,"3hn0r-jac"
"nbucu0oyj-brand","紗利 / 越前桂月","毛利酒造合資会社","<p>紗利 / 越前桂月は、毛利酒造合資会社が展開する代表的な銘柄です。</p>",,"nbucu0oyj"
"wbalj_7hxbve-brand","越前福井 / 越の磯","株式会社越の磯","<p>越前福井 / 越の磯は、株式会社越の磯が展開する代表的な銘柄です。</p>",,"wbalj_7hxbve"
"u46epa_6_m-brand","越前岬","田辺酒造有限会社","<p>越前岬は、田辺酒造有限会社が展開する代表的な銘柄です。</p>",,"u46epa_6_m"
"stfjs38kj8-brand","真名鶴","真名鶴酒造合資会社","<p>真名鶴は、真名鶴酒造合資会社が展開する代表的な銘柄です。</p>",,"stfjs38kj8"
"67xm7g28c-brand","一乃谷","株式会社宇野酒造場","<p>一乃谷は、株式会社宇野酒造場が展開する代表的な銘柄です。</p>",,"67xm7g28c"
"cxn1zq52_l-brand","源平","源平酒造株式会社","<p>源平は、源平酒造株式会社が展開する代表的な銘柄です。</p>",,"cxn1zq52_l"
"5t4_u4xd0b-brand","関西","片山酒造株式会社","<p>関西は、片山酒造株式会社が展開する代表的な銘柄です。</p>",,"5t4_u4xd0b"
"sfwns_4zuqjx-brand","華燭","豊酒造株式会社","<p>華燭は、豊酒造株式会社が展開する代表的な銘柄です。</p>",,"sfwns_4zuqjx"
"21hbb6k6ucmv-brand","飛鳥井","丹生酒造株式会社","<p>飛鳥井は、丹生酒造株式会社が展開する代表的な銘柄です。</p>",,"21hbb6k6ucmv"
"osg_tsw13wf-brand","富久駒 / 一筆啓上","久保田酒造合資会社","<p>富久駒 / 一筆啓上は、久保田酒造合資会社が展開する代表的な銘柄です。</p>",,"osg_tsw13wf"
"u_xw648mw-brand","福喜久","坪三酒造合資会社","<p>福喜久は、坪三酒造合資会社が展開する代表的な銘柄です。</p>",,"u_xw648mw"
"mes-bop5efoi-brand","雪きらら / 百万石","畠山酒造株式会社","<p>雪きらら / 百万石は、畠山酒造株式会社が展開する代表的な銘柄です。</p>",,"mes-bop5efoi"
"8yuyeps4n-brand","鳴り瓢","堀口酒造有限会社","<p>鳴り瓢は、堀口酒造有限会社が展開する代表的な銘柄です。</p>",,"8yuyeps4n"
"j8ki4a0fccvd-brand","鳥浜 / 加茂栄","鳥浜酒造株式会社","<p>鳥浜 / 加茂栄は、鳥浜酒造株式会社が展開する代表的な銘柄です。</p>",,"j8ki4a0fccvd"
"9j24t9rn5-brand","越の鷹","伊藤酒造合資会社","<p>越の鷹は、伊藤酒造合資会社が展開する代表的な銘柄です。</p>",,"9j24t9rn5"
"0dphkf0ma-brand","月丸 / 天津神力","西岡河村酒造株式会社","<p>月丸 / 天津神力は、西岡河村酒造株式会社が展開する代表的な銘柄です。</p>",,"0dphkf0ma"
"mm7m50yl0ind-brand","明乃鶴","力泉酒造有限会社","<p>明乃鶴は、力泉酒造有限会社が展開する代表的な銘柄です。</p>",,"mm7m50yl0ind"
"4aiwc1rduzk-brand","天下取","池田酒造株式会社","<p>天下取は、池田酒造株式会社が展開する代表的な銘柄です。</p>",,"4aiwc1rduzk"
"9z9ocf77hb8y-brand","菊桂","菊桂酒造合名会社","<p>菊桂は、菊桂酒造合名会社が展開する代表的な銘柄です。</p>",,"9z9ocf77hb8y"
"39keu9tmaph-brand","福寿杯","敦賀酒造有限会社","<p>福寿杯は、敦賀酒造有限会社が展開する代表的な銘柄です。</p>",,"39keu9tmaph"
"nv_gzfqd46-brand","七ツ星","井波酒造株式会社","<p>七ツ星は、井波酒造株式会社が展開する代表的な銘柄です。</p>",,"nv_gzfqd46"
"tgcig4bm4-brand","白駒","白駒酒造合資会社","<p>白駒は、白駒酒造合資会社が展開する代表的な銘柄です。</p>",,"tgcig4bm4"
"lotnth0fk-brand","聖乃御代","合資会社北善商店","<p>聖乃御代は、合資会社北善商店が展開する代表的な銘柄です。</p>",,"lotnth0fk"
"8k488czt2-brand","川中島 幻舞","株式会社酒千蔵野","<p>川中島 幻舞は、株式会社酒千蔵野が展開する代表的な銘柄です。</p>",,"8k488czt2"
"y2bsjeijpwk7-brand","積善 / 信濃光","株式会社西飯田酒造店","<p>積善 / 信濃光は、株式会社西飯田酒造店が展開する代表的な銘柄です。</p>",,"y2bsjeijpwk7"
"yku65_5qr-brand","19 / 十九","株式会社尾澤酒造場","<p>19 / 十九は、株式会社尾澤酒造場が展開する代表的な銘柄です。</p>",,"yku65_5qr"
"zwasou8-pq9u-brand","若緑 / 五岳","今井酒造店","<p>若緑 / 五岳は、今井酒造店が展開する代表的な銘柄です。</p>",,"zwasou8-pq9u"
"lis27xjca231-brand","姨捨正宗","長野銘醸株式会社","<p>姨捨正宗は、長野銘醸株式会社が展開する代表的な銘柄です。</p>",,"lis27xjca231"
"rcnympq9bdq-brand","渓流 / 彗","株式会社遠藤酒造場","<p>渓流 / 彗は、株式会社遠藤酒造場が展開する代表的な銘柄です。</p>",,"rcnympq9bdq"
"ik3jeznmxf9-brand","スクウェア・ワン / 碧漪軒","株式会社枡一市村酒造場","<p>スクウェア・ワン / 碧漪軒は、株式会社枡一市村酒造場が展開する代表的な銘柄です。</p>",,"ik3jeznmxf9"
"0hvj25v2aij-brand","北光正宗","株式会社松葉屋本店","<p>北光正宗は、株式会社松葉屋本店が展開する代表的な銘柄です。</p>",,"0hvj25v2aij"
"1izac1hlk8k-brand","志賀泉 / 一滴二滴","株式会社志賀泉酒造","<p>志賀泉 / 一滴二滴は、株式会社志賀泉酒造が展開する代表的な銘柄です。</p>",,"1izac1hlk8k"
"fcyrw1nlo5-brand","縁喜 / 志賀高原ビール","株式会社玉村本店","<p>縁喜 / 志賀高原ビールは、株式会社玉村本店が展開する代表的な銘柄です。</p>",,"fcyrw1nlo5"
"8lc754geq9-brand","北光正宗","株式会社角口酒造店","<p>北光正宗は、株式会社角口酒造店が展開する代表的な銘柄です。</p>",,"8lc754geq9"
"mpn7lj0tiqp-brand","松尾","株式会社高橋助作酒造店","<p>松尾は、株式会社高橋助作酒造店が展開する代表的な銘柄です。</p>",,"mpn7lj0tiqp"
"cn7101s9j-brand","信州亀齢","岡崎酒造株式会社","<p>信州亀齢は、岡崎酒造株式会社が展開する代表的な銘柄です。</p>",,"cn7101s9j"
"s0clv4h7lr_y-brand","福無疆 / 互","沓掛酒造株式会社","<p>福無疆 / 互は、沓掛酒造株式会社が展開する代表的な銘柄です。</p>",,"s0clv4h7lr_y"
"dctee4kcj-brand","瀧澤 / 梁山泊","信州銘醸株式会社","<p>瀧澤 / 梁山泊は、信州銘醸株式会社が展開する代表的な銘柄です。</p>",,"dctee4kcj"
"3wyq-46cql_l-brand","つきよしの","若林醸造株式会社","<p>つきよしのは、若林醸造株式会社が展開する代表的な銘柄です。</p>",,"3wyq-46cql_l"
"tqusmqmrxwy-brand","山三 / 真田六文銭","山三酒造株式会社","<p>山三 / 真田六文銭は、山三酒造株式会社が展開する代表的な銘柄です。</p>",,"tqusmqmrxwy"
"zprpdosdwkg-brand","明鏡止水","大澤酒造株式会社","<p>明鏡止水は、大澤酒造株式会社が展開する代表的な銘柄です。</p>",,"zprpdosdwkg"
"to0s0ug10-brand","澤の花 / Beau Michelle","伴野酒造株式会社","<p>澤の花 / Beau Michelleは、伴野酒造株式会社が展開する代表的な銘柄です。</p>",,"to0s0ug10"
"ohq2uloc2-brand","亀の海 / 茜さす","土屋酒造店","<p>亀の海 / 茜さすは、土屋酒造店が展開する代表的な銘柄です。</p>",,"ohq2uloc2"
"a5tnv0pnwz-o-brand","黒澤 / 井筒長","黒澤酒造株式会社","<p>黒澤 / 井筒長は、黒澤酒造株式会社が展開する代表的な銘柄です。</p>",,"a5tnv0pnwz-o"
"xfeyx57dnilr-brand","千曲錦 / 帰山","千曲錦酒造株式会社","<p>千曲錦 / 帰山は、千曲錦酒造株式会社が展開する代表的な銘柄です。</p>",,"xfeyx57dnilr"
"43lv67_cm-brand","菊秀 / 橘倉","橘倉酒造株式会社","<p>菊秀 / 橘倉は、橘倉酒造株式会社が展開する代表的な銘柄です。</p>",,"43lv67_cm"
"01p__lk70cud-brand","牧水 / 御園竹","武重本家酒造株式会社","<p>牧水 / 御園竹は、武重本家酒造株式会社が展開する代表的な銘柄です。</p>",,"01p__lk70cud"
"8fv712032-brand","寒竹","戸塚酒造株式会社","<p>寒竹は、戸塚酒造株式会社が展開する代表的な銘柄です。</p>",,"8fv712032"
"wq799m8i-14-brand","美山芙蓉 / よきかな","芙蓉酒造株式会社","<p>美山芙蓉 / よきかなは、芙蓉酒造株式会社が展開する代表的な銘柄です。</p>",,"wq799m8i-14"
"lcjn2iwk_r3x-brand","浅間嶽","大塚酒造株式会社","<p>浅間嶽は、大塚酒造株式会社が展開する代表的な銘柄です。</p>",,"lcjn2iwk_r3x"
"mqn9eo6e4nnq-brand","真澄","宮坂醸造株式会社","<p>真澄は、宮坂醸造株式会社が展開する代表的な銘柄です。</p>",,"mqn9eo6e4nnq"
"1r567ubz4-brand","本金","酒ぬのや本金酒造株式会社","<p>本金は、酒ぬのや本金酒造株式会社が展開する代表的な銘柄です。</p>",,"1r567ubz4"
"4a7eanka2-brand","麗人","麗人酒造株式会社","<p>麗人は、麗人酒造株式会社が展開する代表的な銘柄です。</p>",,"4a7eanka2"
"0-afy9d23bpa-brand","横笛","伊東酒造株式会社","<p>横笛は、伊東酒造株式会社が展開する代表的な銘柄です。</p>",,"0-afy9d23bpa"
"bar9d8f8wnd-brand","舞姫 / 翠露","株式会社舞姫","<p>舞姫 / 翠露は、株式会社舞姫が展開する代表的な銘柄です。</p>",,"bar9d8f8wnd"
"izoz5red7-brand","豊香 / 神渡","株式会社豊島屋","<p>豊香 / 神渡は、株式会社豊島屋が展開する代表的な銘柄です。</p>",,"izoz5red7"
"v6muaa56qim-brand","高天","高天酒造株式会社","<p>高天は、高天酒造株式会社が展開する代表的な銘柄です。</p>",,"v6muaa56qim"
"53sh5i4-3-brand","大雪渓","大雪渓酒造株式会社","<p>大雪渓は、大雪渓酒造株式会社が展開する代表的な銘柄です。</p>",,"53sh5i4-3"
"5p8at39ryw-4-brand","市野屋 / 金蘭黒部","株式会社市野屋","<p>市野屋 / 金蘭黒部は、株式会社市野屋が展開する代表的な銘柄です。</p>",,"5p8at39ryw-4"