id,name,brewery,brand,price,description,imageUrl,purchaseUrl
"sake-0","バランスの取れた飽きの来ない【純米】 浦霞 純米酒 720ml 父の日 清酒 日本酒 お祝い お供え 浦霞 御中元 ギフト プレゼント Gift 贈答品 内祝い お返し お酒 日本酒ギフト 贈り物","7o5qgpz8","y8k5uja4","1600","【東北宮城県の酒蔵です】","https://thumbnail.image.rakuten.co.jp/@0_mall/lw-hana/cabinet/12327027/113372.jpg","https://hb.afl.rakuten.co.jp/hgc/g00qhy37.5rcr07c0.g00qhy37.5rcr1de2/?pc=https%3A%2F%2Fitem.rakuten.co.jp%2Flw-hana%2F113372%2F&m=http%3A%2F%2Fm.rakuten.co.jp%2Flw-hana%2Fi%2F10000277%2F&rafcid=wsc_i_is_1037626038883608117"
"sake-1","【ふるさと納税】 【七賢】 日本酒 飲み比べ 720ml×3本セット 絹の味 天鵞絨の味 風凛美山 純米大吟醸 純米吟醸 純米 ギフト プレゼント 贈答 贈り物 酒 家飲み セット 山梨銘醸 山梨県 北杜市 白州 母の日 父の日 送料無料","8mpm64h5","vzozhz7b","20000","初めて七賢を飲む方にもおすすめの、七賢を代表する純米3本セット。","https://thumbnail.image.rakuten.co.jp/@0_mall/f192091-hokuto/cabinet/07206751/imgrc0116526414.jpg","https://hb.afl.rakuten.co.jp/hgc/g00t9h27.5rcr0007.g00t9h27.5rcr1de3/?pc=https%3A%2F%2Fitem.rakuten.co.jp%2Ff192091-hokuto%2Fitem257%2F&m=http%3A%2F%2Fm.rakuten.co.jp%2Ff192091-hokuto%2Fi%2F10000348%2F&rafcid=wsc_i_is_1037626038883608117"
"sake-2","七田【しちだ】 純米大吟醸 720ml 【日本酒】【七田】 お酒","6lp3mxlz","5cobf8hf","3960","《特約店限定》七田の最高級品“純米大吟醸”手頃な価格で贈り物にも大変人気です！","https://thumbnail.image.rakuten.co.jp/@0_mall/ono-sake/cabinet/00958694/07749746/imgrc0083246334.jpg","https://hb.afl.rakuten.co.jp/hgc/g00qjbz7.5rcr03f7.g00qjbz7.5rcr146f/?pc=https%3A%2F%2Fitem.rakuten.co.jp%2Fono-sake%2Fsk-sitida-10%2F&m=http%3A%2F%2Fm.rakuten.co.jp%2Fono-sake%2Fi%2F10000123%2F&rafcid=wsc_i_is_1037626038883608117"
"sake-3","日本酒 地酒 山形 出羽桜酒造 桜花 吟醸酒 1800ml 1梱包6本まで","zqy85y60","8kq71ywq","2860","ショップ オブ ザ イヤー 2024/2025 W受賞","https://thumbnail.image.rakuten.co.jp/@0_mall/manroku/cabinet/img002/0104dbz-ouka-b_1.jpg","https://hb.afl.rakuten.co.jp/hgc/g00rey17.5rcr0e9f.g00rey17.5rcr14b2/?pc=https%3A%2F%2Fitem.rakuten.co.jp%2Fmanroku%2F0104dbz-ouka-b%2F&m=http%3A%2F%2Fm.rakuten.co.jp%2Fmanroku%2Fi%2F10000993%2F&rafcid=wsc_i_is_1037626038883608117"
"sake-4","秋田 出羽鶴 観光袋 なまはげ 300ml×2本 秋田の日本酒","pwo87l1b","917rxj1c","1650","「ちょい生」「はばたき純米」のセット","https://thumbnail.image.rakuten.co.jp/@0_mall/buxtusannakasen/cabinet/07299822/imgrc0082520543.jpg","https://hb.afl.rakuten.co.jp/hgc/g00t6p47.5rcr0d47.g00t6p47.5rcr1223/?pc=https%3A%2F%2Fitem.rakuten.co.jp%2Fbuxtusannakasen%2Fal-12%2F&m=http%3A%2F%2Fm.rakuten.co.jp%2Fbuxtusannakasen%2Fi%2F10000063%2F&rafcid=wsc_i_is_1037626038883608117"
"sake-5","南部美人 純米大吟醸 岩手県（株式会社南部美人）【720ml】［日本酒／JAL国際線ファーストクラス機内酒／人気ギフト］※専用木箱入り","grahva3p","npuyowz5","6930","JAL国際線ファーストクラスの 機内酒として利用されたことのある 日本酒です！ 熟した白桃を彷彿させる豊潤な香味の中を、 キリっとした辛さが直線的に走っていきます。 また、1年間低温熟成させたことで、","https://thumbnail.image.rakuten.co.jp/@0_mall/jizake-watanabe/cabinet/06300917/07078295/imgrc0105937585.jpg","https://hb.afl.rakuten.co.jp/hgc/g00q1bu7.5rcr0f00.g00q1bu7.5rcr15d4/?pc=https%3A%2F%2Fitem.rakuten.co.jp%2Fjizake-watanabe%2F10006983%2F&m=http%3A%2F%2Fm.rakuten.co.jp%2Fjizake-watanabe%2Fi%2F10006983%2F&rafcid=wsc_i_is_1037626038883608117"
"sake-6","日本酒 WGO 2024 金賞 スパークリング清酒 小瓶 6本 飲み比べセット ワイングラスでおいしい日本酒 黄桜 白鶴 花泡香 嘉美心 Hitotoki 人気一 春夏のお酒 新生活 入学祝い 卒業祝い 就職祝い 進学祝い","324fbsvp","74p5c3f3","4345","のし ギフト包装可","https://thumbnail.image.rakuten.co.jp/@0_mall/issyusouden/cabinet/2021_01/05/10000450set.jpg","https://hb.afl.rakuten.co.jp/hgc/g00rde17.5rcr0b9f.g00rde17.5rcr1bc7/?pc=https%3A%2F%2Fitem.rakuten.co.jp%2Fissyusouden%2F10000450set%2F&m=http%3A%2F%2Fm.rakuten.co.jp%2Fissyusouden%2Fi%2F10024665%2F&rafcid=wsc_i_is_1037626038883608117"
"sake-7","【永井酒造】水芭蕉 純米大吟醸 翠 1800ml (群馬県産地酒・川場村）ミズバショウ","dtdga21l","tjvi75ek","4400","水芭蕉ブランド・水芭蕉の花が連想される味わい【群馬県：関東/日本酒】冷や(10〜15℃）がオススメ！ お歳暮ギフト 日本酒","https://thumbnail.image.rakuten.co.jp/@0_mall/auc-horie/cabinet/mizuba15-05.jpg","https://hb.afl.rakuten.co.jp/hgc/g00qpa67.5rcr0c44.g00qpa67.5rcr1028/?pc=https%3A%2F%2Fitem.rakuten.co.jp%2Fauc-horie%2Fmizuba15%2F&m=http%3A%2F%2Fm.rakuten.co.jp%2Fauc-horie%2Fi%2F10000288%2F&rafcid=wsc_i_is_1037626038883608117"
"sake-8","送料無料 八戸酒造 陸奥八仙を知ろう 飲み比べセット 720ml×3本 酒説明書付き 日本酒 青森県八戸市 父の日 母の日 御中元","whsd6hmb","rkt4lsy3","7370","送料無料！陸奥八仙を知ろうセット！","https://thumbnail.image.rakuten.co.jp/@0_mall/shidukuya/cabinet/03078492/05312828/imgrc0078131274.gif","https://hb.afl.rakuten.co.jp/hgc/g00rhp77.5rcr0e56.g00rhp77.5rcr16d2/?pc=https%3A%2F%2Fitem.rakuten.co.jp%2Fshidukuya%2Fmutsuhassenset003%2F&m=http%3A%2F%2Fm.rakuten.co.jp%2Fshidukuya%2Fi%2F10002094%2F&rafcid=wsc_i_is_1037626038883608117"
"sake-9","純米大吟醸 ギフト 渡舟 720ml ≪要冷蔵表記≫ 日本酒 茨城県石岡市 府中誉 わたりぶね 父の日 母の日 御中元","k5x3mqt6","9vqgzyfd","6233","これが渡舟の最高峰酒！！","https://thumbnail.image.rakuten.co.jp/@0_mall/shidukuya/cabinet/03078492/03078494/03078533/img67846283.jpg","https://hb.afl.rakuten.co.jp/hgc/g00rhp77.5rcr0e56.g00rhp77.5rcr16d2/?pc=https%3A%2F%2Fitem.rakuten.co.jp%2Fshidukuya%2Fwataribune002%2F&m=http%3A%2F%2Fm.rakuten.co.jp%2Fshidukuya%2Fi%2F10000018%2F&rafcid=wsc_i_is_1037626038883608117"
"sake-10","御中元 クール便送料無料 来福 純米大吟醸 超精米8％ 720ml ≪クール便≫ 日本酒 御祝 プレゼント 茨城県筑西市 来福酒造 らいふく 父の日 母の日","nrl4b6at","ifi65c9x","15400","精米歩合なんと、なんと、8％！ 日本酒 プレゼント 贈答 純米大吟醸 ギフト","https://thumbnail.image.rakuten.co.jp/@0_mall/shidukuya/cabinet/03078492/03079637/img69245505.jpg","https://hb.afl.rakuten.co.jp/hgc/g00rhp77.5rcr0e56.g00rhp77.5rcr16d2/?pc=https%3A%2F%2Fitem.rakuten.co.jp%2Fshidukuya%2Fraihuku018%2F&m=http%3A%2F%2Fm.rakuten.co.jp%2Fshidukuya%2Fi%2F10000541%2F&rafcid=wsc_i_is_1037626038883608117"
"sake-11","会津娘 特別本醸造 1800ml 福島 日本酒 1.8l 一升瓶 中辛 福島県 会津 冷酒 ふくしまの酒 母の日 ギフト 美味しいお酒 福島土産 お取り寄せ 晩酌 お祝い 内祝い 父の誕生日プレゼント 70代 60代 酒好き 男性 退職祝い 還暦祝い 古希 喜寿 傘寿 日本酒通販 贈答 贈り物 3000円","as7sjpb8","lmipg9jt","2948","昔懐かしい味わい、抜群の味アルコール度数 15度～16度 五百万石福島の酒 特産品 日本酒ギフト 日本酒1800 瓶 上司 父親プレゼント 50代 60代 70代 80代","https://thumbnail.image.rakuten.co.jp/@0_mall/sakenogyouda/cabinet/compass1705718314.jpg","https://hb.afl.rakuten.co.jp/hgc/g00rzt27.5rcr06d2.g00rzt27.5rcr13e4/?pc=https%3A%2F%2Fitem.rakuten.co.jp%2Fsakenogyouda%2F10000104%2F&m=http%3A%2F%2Fm.rakuten.co.jp%2Fsakenogyouda%2Fi%2F10000104%2F&rafcid=wsc_i_is_1037626038883608117"
"sake-12","赤武 あかぶ AKABU 純米酒 1800ml 日本酒 お酒","sz5cf5ts","akabu","3520","東日本大震災を乗り越え見事復活した「赤武」","https://thumbnail.image.rakuten.co.jp/@0_mall/ono-sake/cabinet/00958694/07749746/822.jpg","https://hb.afl.rakuten.co.jp/hgc/g00qjbz7.5rcr03f7.g00qjbz7.5rcr146f/?pc=https%3A%2F%2Fitem.rakuten.co.jp%2Fono-sake%2Fakabu-junmai1800%2F&m=http%3A%2F%2Fm.rakuten.co.jp%2Fono-sake%2Fi%2F10002966%2F&rafcid=wsc_i_is_1037626038883608117"
"sake-13","阿部酒造 あべグリーンおりがらみ生酒 720ml","0jg93jkt","x8whden2","2970","阿部酒造あべ グリーン720ml 今年もこの季節がやってきました。楽風舞（らくふうまい）を使用した人気シリーズ「あべ グリーン」が入荷です。カラーシリーズの中でも着実にファンを増やしている一本で、「ピ","https://thumbnail.image.rakuten.co.jp/@0_mall/uonuma/cabinet/06063309/imgrc0092310751.jpg","https://hb.afl.rakuten.co.jp/hgc/g00pqqg7.5rcr01c9.g00pqqg7.5rcr12d3/?pc=https%3A%2F%2Fitem.rakuten.co.jp%2Fuonuma%2F10003235%2F&m=http%3A%2F%2Fm.rakuten.co.jp%2Fuonuma%2Fi%2F10003235%2F&rafcid=wsc_i_is_1037626038883608117"
"sake-14","【出荷年月2026年1月以降】陽乃鳥　貴醸酒　720ml【新政酒造】ひのとり きじょうしゅ　あらまさ【冷3】【※】クール代込","d4iemfce","lcd566c2","32800","【商品名】 陽乃鳥 貴醸酒　720ml　 【商品説明】 原材料名：米（秋田県産）、米麹（秋田県産米）、日本酒（秋田県産米） アルコール分：14度 精米歩合：麹米55％　掛米65％ 原料米：美山錦100","https://thumbnail.image.rakuten.co.jp/@0_mall/b-liquors/cabinet/ykyotu/a01862_2004k.jpg","https://hb.afl.rakuten.co.jp/hgc/g00q6bh7.5rcr0a2b.g00q6bh7.5rcr1118/?pc=https%3A%2F%2Fitem.rakuten.co.jp%2Fb-liquors%2Fa-01862%2F&m=http%3A%2F%2Fm.rakuten.co.jp%2Fb-liquors%2Fi%2F10003287%2F&rafcid=wsc_i_is_1037626038883608117"
"sake-15","風の森 秋津穂 657 生酒 720ml かぜのもり 油長酒造","e0h8qrhc","wjt1h7j9","1650","日本酒 油長酒造 奈良県 風の森 秋津穂 657 無濾過 無加水 生酒 スタンダード ギフト プレゼント 贈り物","https://thumbnail.image.rakuten.co.jp/@0_mall/meishu-honpo/cabinet/01/38130001_1.jpg","https://hb.afl.rakuten.co.jp/hgc/g00rf3e7.5rcr0397.g00rf3e7.5rcr1ee3/?pc=https%3A%2F%2Fitem.rakuten.co.jp%2Fmeishu-honpo%2F38130001%2F&m=http%3A%2F%2Fm.rakuten.co.jp%2Fmeishu-honpo%2Fi%2F10004252%2F&rafcid=wsc_i_is_1037626038883608117"
"sake-16","【ふるさと納税】 「黄金澤」山廃純米酒・純米吟醸 各720ml 2本セット / 日本酒 お酒 日本酒 酒 飲み比べ","cv1gewnv","w70rudy7","17000","伝承されている山廃仕込製法で作られたキレのあるお酒","https://thumbnail.image.rakuten.co.jp/@0_mall/f045055-misato/cabinet/local/kawk/imgrc0102258608.jpg","https://hb.afl.rakuten.co.jp/hgc/g00u8297.5rcr043b.g00u8297.5rcr19b7/?pc=https%3A%2F%2Fitem.rakuten.co.jp%2Ff045055-misato%2Fak004%2F&m=http%3A%2F%2Fm.rakuten.co.jp%2Ff045055-misato%2Fi%2F10000192%2F&rafcid=wsc_i_is_1037626038883608117"
"sake-17","【日本酒】日日　秋津山田錦　日々醸造　松本日出彦　京都伏見　にちにち　父の日　ギフト　※クール便は別途400円かかります","2aet0091","lvi6lsnx","3308","澤屋まつもと元杜氏、松本日出彦氏の新時代","https://thumbnail.image.rakuten.co.jp/@0_mall/yanagiya-sake/cabinet/03892949/04190788/imgrc0087219062.jpg","https://hb.afl.rakuten.co.jp/hgc/g00rybc7.5rcr05da.g00rybc7.5rcr1c81/?pc=https%3A%2F%2Fitem.rakuten.co.jp%2Fyanagiya-sake%2F100000000000979%2F&m=http%3A%2F%2Fm.rakuten.co.jp%2Fyanagiya-sake%2Fi%2F10000541%2F&rafcid=wsc_i_is_1037626038883608117"
"sake-18","内祝い （酒類）大吟醸 播州一献【清酒】 お酒 日本酒 写真入り メッセージカード無料 名入れ 贈答品 JGS 送料無料 入学内祝い 母の日ギフト2026","2innu4er","tw3nuc2f","4400","ギフト 最強配送","https://thumbnail.image.rakuten.co.jp/@0_mall/bellevie-harima/cabinet/food/bansyu_ikkon/daiginjo_s.jpg","https://hb.afl.rakuten.co.jp/hgc/g00q1q97.5rcr07d6.g00q1q97.5rcr157c/?pc=https%3A%2F%2Fitem.rakuten.co.jp%2Fbellevie-harima%2Fsanyo_001%2F&m=http%3A%2F%2Fm.rakuten.co.jp%2Fbellevie-harima%2Fi%2F10103142%2F&rafcid=wsc_i_is_1037626038883608117"
"sake-19","山形正宗 まろら 720ml 日本酒 水戸部酒造 山形県","ky0b0p26","v4rzsmi0","2530","★日本酒 水戸部酒造 山形県★","https://thumbnail.image.rakuten.co.jp/@0_mall/hasegawasaketen/cabinet/sake4/1009706q.jpg","https://hb.afl.rakuten.co.jp/hgc/g00r8ad7.5rcr008a.g00r8ad7.5rcr138e/?pc=https%3A%2F%2Fitem.rakuten.co.jp%2Fhasegawasaketen%2F1009706%2F&m=http%3A%2F%2Fm.rakuten.co.jp%2Fhasegawasaketen%2Fi%2F10006597%2F&rafcid=wsc_i_is_1037626038883608117"
"sake-20","山の井 純米大吟醸 朝日 50 1800ml 日本酒 会津酒造 福島県","peeutjkn","0xfeqzor","3102","★日本酒 会津酒造 福島県★","https://thumbnail.image.rakuten.co.jp/@0_mall/hasegawasaketen/cabinet/05030937/imgrc0071109598.jpg","https://hb.afl.rakuten.co.jp/hgc/g00r8ad7.5rcr008a.g00r8ad7.5rcr138e/?pc=https%3A%2F%2Fitem.rakuten.co.jp%2Fhasegawasaketen%2F1010336%2F&m=http%3A%2F%2Fm.rakuten.co.jp%2Fhasegawasaketen%2Fi%2F10008126%2F&rafcid=wsc_i_is_1037626038883608117"
"sake-21","【日本酒】雅楽代　鳴神　超辛口　1800ml　火入れ　天領盃酒造　うたしろ　佐渡島　伯楽星　新政　赤武　につぐ当店大人気酒","c96zhgem","upgjshb7","3740","当店自慢の-7度の特注氷温庫にて管理しております。 蔵元で飲んでいるような日本一フレッシュな味わいをお楽しみください。","https://thumbnail.image.rakuten.co.jp/@0_mall/yanagiya-sake/cabinet/03892949/04190788/imgrc0115178832.jpg","https://hb.afl.rakuten.co.jp/hgc/g00rybc7.5rcr05da.g00rybc7.5rcr1c81/?pc=https%3A%2F%2Fitem.rakuten.co.jp%2Fyanagiya-sake%2F10754307%2F&m=http%3A%2F%2Fm.rakuten.co.jp%2Fyanagiya-sake%2Fi%2F10000774%2F&rafcid=wsc_i_is_1037626038883608117"
"sake-22","産土 うぶすな 2025 山田錦 生酒 二農醸 720ml【2025年12月製造以降】日本酒／花の香酒造 熊本県","jn021scg","8z79bhj2","8300","【当店は0度以下で冷蔵保管しております 】日本酒 人気 御礼 御祝 バレンタインデー ホワイトデー 退職祝 就職祝 ギフト プレゼント 贈答品 純米大吟醸 純米吟醸 焼酎","https://thumbnail.image.rakuten.co.jp/@0_mall/bisyugakou/cabinet/11007675/imgrc0096090301.jpg","https://hb.afl.rakuten.co.jp/hgc/g00uk6d7.5rcr0708.g00uk6d7.5rcr156f/?pc=https%3A%2F%2Fitem.rakuten.co.jp%2Fbisyugakou%2Fub0021-n720%2F&m=http%3A%2F%2Fm.rakuten.co.jp%2Fbisyugakou%2Fi%2F10000766%2F&rafcid=wsc_i_is_1037626038883608117"
"sake-23","笑四季 Sensation センセーション 白 ホワイト 50％精米 1回火入 720ml 笑四季酒造 えみしき 日本酒 滋賀県甲賀市水口 【夏期冷蔵便推奨】| ギフト お歳暮 プレゼント 人気 オシャレ おしゃれ 退職祝い 父の日 母の日 樽","oqlctrrl","4wbg2h2r","1540","華やか香りと甘み、リースリングのようなコスパ大の定番酒","https://thumbnail.image.rakuten.co.jp/@0_mall/tokuriya/cabinet/5256.jpg","https://hb.afl.rakuten.co.jp/hgc/g00u2vq7.5rcr05c1.g00u2vq7.5rcr11e0/?pc=https%3A%2F%2Fitem.rakuten.co.jp%2Ftokuriya%2F5256%2F&m=http%3A%2F%2Fm.rakuten.co.jp%2Ftokuriya%2Fi%2F10000260%2F&rafcid=wsc_i_is_1037626038883608117"
"sake-24","賀茂金秀　特別純米　13　火入れ　720ml　日本酒　広島　黒瀬　売れ筋　人気　父の日　お中元　御歳暮","2uagfut8","ii4rg2bw","1925","広島を代表する超人気蔵!若き醸造家が操る酸のマジック","https://thumbnail.image.rakuten.co.jp/@0_mall/enjoy-sake/cabinet/hiroshima3/kamokin2-7-3.jpg","https://hb.afl.rakuten.co.jp/hgc/g00qk967.5rcr03f7.g00qk967.5rcr1f43/?pc=https%3A%2F%2Fitem.rakuten.co.jp%2Fenjoy-sake%2F10001248%2F&m=http%3A%2F%2Fm.rakuten.co.jp%2Fenjoy-sake%2Fi%2F10001248%2F&rafcid=wsc_i_is_1037626038883608117"
"sake-25","而今 山田錦 純米吟醸 生 1800ml 日本酒 2026年詰 ギフト","jh5bie6m","sgvy9d0d","33000","※※クール便の料金は税込の金額です。 商品詳細 商品名 而今(じこん)　純米吟醸　山田錦　生 サイズ 1800ml 蔵元 木屋正酒造/三重県 度数 16.5度 原材料 米・米麹 備考 開封後はお早めに","https://thumbnail.image.rakuten.co.jp/@0_mall/ko-enterprise/cabinet/03273816/imgrc0110316575.jpg","https://hb.afl.rakuten.co.jp/hgc/g00rjii7.5rcr051c.g00rjii7.5rcr1e6a/?pc=https%3A%2F%2Fitem.rakuten.co.jp%2Fko-enterprise%2F10000866%2F&m=http%3A%2F%2Fm.rakuten.co.jp%2Fko-enterprise%2Fi%2F10000866%2F&rafcid=wsc_i_is_1037626038883608117"
"sake-26","田中六五 純米酒 火入れ 1800ml たなかろくじゅうご 白糸酒造","sjkiqixr","a3rql7vt","4077","日本酒 白糸酒造 福岡県 田中65 ギフト プレゼント 贈り物","https://thumbnail.image.rakuten.co.jp/@0_mall/meishu-honpo/cabinet/27/18027_1.jpg","https://hb.afl.rakuten.co.jp/hgc/g00rf3e7.5rcr0397.g00rf3e7.5rcr1ee3/?pc=https%3A%2F%2Fitem.rakuten.co.jp%2Fmeishu-honpo%2F18027%2F&m=http%3A%2F%2Fm.rakuten.co.jp%2Fmeishu-honpo%2Fi%2F10002615%2F&rafcid=wsc_i_is_1037626038883608117"
"sake-27","萩の鶴 新酒の生メガネ専用 720ml 日本酒 萩野酒造 宮城県","xyy3ii51","yt8v5nie","1925","正規販売店 日本酒 萩野酒造 宮城県 お酒","https://thumbnail.image.rakuten.co.jp/@0_mall/hasegawasaketen/cabinet/08501602/1012602.jpg","https://hb.afl.rakuten.co.jp/hgc/g00r8ad7.5rcr008a.g00r8ad7.5rcr138e/?pc=https%3A%2F%2Fitem.rakuten.co.jp%2Fhasegawasaketen%2F1012602%2F&m=http%3A%2F%2Fm.rakuten.co.jp%2Fhasegawasaketen%2Fi%2F10012943%2F&rafcid=wsc_i_is_1037626038883608117"
"sake-28","日本酒 飛良泉 酒のいづみセット にかほ 山廃 父の日ギフト 御祝 お酒 秋田 内祝 お返し 出産内祝い 結婚内祝い 快気祝い/香典返し","6yiyn8bl","n6owdacg","4780","創業5百年余り 日本で3番目に古い酒蔵飛良泉。山廃独特の乳酸系の香りと酸味が特徴。飛良泉山廃の醍醐味を味わえる蔵元定番商品","https://thumbnail.image.rakuten.co.jp/@0_mall/auc-maruichi/cabinet/12943491/imgrc0166999654.jpg","https://hb.afl.rakuten.co.jp/hgc/g00rfcf7.5rcr0009.g00rfcf7.5rcr1a4a/?pc=https%3A%2F%2Fitem.rakuten.co.jp%2Fauc-maruichi%2Fhiraizumi2%2F&m=http%3A%2F%2Fm.rakuten.co.jp%2Fauc-maruichi%2Fi%2F10001840%2F&rafcid=wsc_i_is_1037626038883608117"
"sake-29","吉田蔵 u 石川門 山廃純米 生酒 1800ml【2026年2月製造】日本酒／吉田酒造 石川県","m5x4qys3","u","5900","【当店は0度以下で冷蔵保管しております 】日本酒 人気 御礼 御祝 バレンタインデー ホワイトデー 退職祝 就職祝 ギフト プレゼント 贈答品 純米大吟醸 純米吟醸 焼酎","https://thumbnail.image.rakuten.co.jp/@0_mall/bisyugakou/cabinet/10584510/11501896/11553830/imgrc0095826717.jpg","https://hb.afl.rakuten.co.jp/hgc/g00uk6d7.5rcr0708.g00uk6d7.5rcr156f/?pc=https%3A%2F%2Fitem.rakuten.co.jp%2Fbisyugakou%2Fyo001-n18%2F&m=http%3A%2F%2Fm.rakuten.co.jp%2Fbisyugakou%2Fi%2F10000970%2F&rafcid=wsc_i_is_1037626038883608117"
"sake-30","若波酒造 日本酒 蜻蛉 特別純米酒 720ml とんぼ 酒名は古来より神に仕えしものとされ、前へしか進まないその特性から、縁起の良いものとされて喜ばれていました 福岡 大川の小さな蔵から","o9y7707f","n8v8e094","1980","【※栓の上からかぶせている茶色の紙(帽子)とそれを結んでいる朱呂縄が廃止になりました。 実店舗 氷温貯蔵 瓶囲い】　","https://thumbnail.image.rakuten.co.jp/@0_mall/m-sakaya/cabinet/tonbo720.jpg","https://hb.afl.rakuten.co.jp/hgc/g00qg1q7.5rcr0a6e.g00qg1q7.5rcr1868/?pc=https%3A%2F%2Fitem.rakuten.co.jp%2Fm-sakaya%2F1051403%2F&m=http%3A%2F%2Fm.rakuten.co.jp%2Fm-sakaya%2Fi%2F10000357%2F&rafcid=wsc_i_is_1037626038883608117"
"sake-31","東一 山田錦 純米酒 720ml【日本酒】","0gb31nvj","rw1pbi64","1430","山田錦を使用した定番酒で山田錦のコクと旨味が出ており安定した旨さが人気の純米酒","https://thumbnail.image.rakuten.co.jp/@0_mall/tlsinfo/cabinet/sinazuma.gif","https://hb.afl.rakuten.co.jp/hgc/g00qhht7.5rcr0461.g00qhht7.5rcr1b04/?pc=https%3A%2F%2Fitem.rakuten.co.jp%2Ftlsinfo%2F801191%2F&m=http%3A%2F%2Fm.rakuten.co.jp%2Ftlsinfo%2Fi%2F10002117%2F&rafcid=wsc_i_is_1037626038883608117"
"sake-32","義侠 （ ぎきょう ） 縁 （ えにし ） 特別純米 720ml / 愛知県 山忠本家酒造【 5566 】【 日本酒 】【 母の日 父の日 贈り物 ギフト プレゼント 】","oebijo4l","y3k2vj2z","1700","有名銘柄 地酒 稀少 正規販売店 定価販売 SAKE 愛知 岐阜県正規特約店","https://thumbnail.image.rakuten.co.jp/@0_mall/yamasake/cabinet/seisyu/07473175/imgrc0145428812.jpg","https://hb.afl.rakuten.co.jp/hgc/g00r7507.5rcr0da1.g00r7507.5rcr1f58/?pc=https%3A%2F%2Fitem.rakuten.co.jp%2Fyamasake%2F5566%2F&m=http%3A%2F%2Fm.rakuten.co.jp%2Fyamasake%2Fi%2F10007949%2F&rafcid=wsc_i_is_1037626038883608117"
"sake-33","【送料無料】【木桝付き】大吟醸・純米どぶろく 720ml 飲み比べ 2本セット SA-D / 蔵元直送 贈答用 日本酒 國盛 中埜酒造 お酒 どぶろく 酒 辛口 プレゼント ギフト セット 酒器 お歳暮 御歳暮 内祝 お酒 地酒","org58q2y","kuramoto","3580","【送料無料】 【ギフトにおすすめ】 國盛を誇る大吟醸と純米どぶろくの飲み比べセットです。贈答用 日本酒 飲み比べセット","https://thumbnail.image.rakuten.co.jp/@0_mall/kunizakari/cabinet/03530656/sam/nihonshu/imgrc0088846872.jpg","https://hb.afl.rakuten.co.jp/hgc/g00rtxq7.5rcr0afd.g00rtxq7.5rcr1d7d/?pc=https%3A%2F%2Fitem.rakuten.co.jp%2Fkunizakari%2F10000426%2F&m=http%3A%2F%2Fm.rakuten.co.jp%2Fkunizakari%2Fi%2F10000679%2F&rafcid=wsc_i_is_1037626038883608117"
"sake-34","【2023年12月瓶詰め】翔空 Alcoholic Pear #R505　720ml【日本酒】【地酒】【どぶろく】【洋梨】【ルレクチェ】【クラフトサケ】【LAGOON BREWERY】","4ydntgn2","s48row5z","2640","新潟県の新たな醸造所「LAGOON BREWERY」が醸す「翔空（しょうくう」です。","https://thumbnail.image.rakuten.co.jp/@0_mall/kishimoto/cabinet/item/japanese_sake/lagoonbrewery/syoukuu-026.jpg","https://hb.afl.rakuten.co.jp/hgc/g00qkxz7.5rcr048b.g00qkxz7.5rcr1492/?pc=https%3A%2F%2Fitem.rakuten.co.jp%2Fkishimoto%2Fsyoukuu-026%2F&m=http%3A%2F%2Fm.rakuten.co.jp%2Fkishimoto%2Fi%2F10001439%2F&rafcid=wsc_i_is_1037626038883608117"
"sake-35","【送料無料★飲みきりサイズ★】獺祭 磨き三割九分 純米大吟醸 （山口）300ml。飲みきりサイズでおひとり様時間に最適 !日本酒好きに大人気のブランド「獺祭」！白桃と青りんごのような果実香。華やかでやさしく、後味は驚くほどきれい。","bbpbw52m","blue","1566","小瓶で贅沢を。","https://thumbnail.image.rakuten.co.jp/@0_mall/mugiyachoshoji/cabinet/0260129172312_385_2.jpg","https://hb.afl.rakuten.co.jp/hgc/g00un3h7.5rcr09f8.g00un3h7.5rcr1412/?pc=https%3A%2F%2Fitem.rakuten.co.jp%2Fmugiyachoshoji%2Fcompass1769675254%2F&m=http%3A%2F%2Fm.rakuten.co.jp%2Fmugiyachoshoji%2Fi%2F10000090%2F&rafcid=wsc_i_is_1037626038883608117"
"sake-36","名倉山 原蔵 名倉山酒造 にごり酒 18度 720ml 瓶 1本","gtm9fb4s","a97gkg59","2079","日本酒｜会津｜あいづ｜福島県｜ふくしまけん｜酒｜さけ｜にごり｜濃厚｜甘口｜美味い｜美味しい｜おいしい｜贈答｜ギフト｜晩酌｜箱入り｜名倉山","https://thumbnail.image.rakuten.co.jp/@0_mall/akabekonosato-cowbe/cabinet/compass1667547870.jpg","https://hb.afl.rakuten.co.jp/hgc/g00u9f07.5rcr04fb.g00u9f07.5rcr1853/?pc=https%3A%2F%2Fitem.rakuten.co.jp%2Fakabekonosato-cowbe%2F166390144%2F&m=http%3A%2F%2Fm.rakuten.co.jp%2Fakabekonosato-cowbe%2Fi%2F10000096%2F&rafcid=wsc_i_is_1037626038883608117"
"sake-37","今西清兵衛商店 春鹿 純米大吟醸 720ml瓶 1本 化粧箱入り 日本酒 奈良 地酒 瓶 ビン 男性 男 清酒 お酒 酒 家飲み 宅飲み 晩酌 女性 女 おすすめ おいしい ギフト プレゼント 贈り物 贈答 引き出物 お祝い 誕生日 内祝い お返し お年賀 お歳暮 お中元 父の日 母の日 敬老の日","mm54zaer","0qd8q790","3191","【奈良地酒】【辛口】【ギフト】【お中元・お歳暮】【父の日】","https://thumbnail.image.rakuten.co.jp/@0_mall/drink-senmonten/cabinet/03934686/imgrc0078093260.jpg","https://hb.afl.rakuten.co.jp/hgc/g00ryb87.5rcr0402.g00ryb87.5rcr1b8c/?pc=https%3A%2F%2Fitem.rakuten.co.jp%2Fdrink-senmonten%2F1320000041%2F&m=http%3A%2F%2Fm.rakuten.co.jp%2Fdrink-senmonten%2Fi%2F10005232%2F&rafcid=wsc_i_is_1037626038883608117"
"sake-38","ぷくぷく醸造","gcij0g9s","uug5b262","","","",""
"sake-39","LIBROM","librom","librom","","","",""
"sake-40","若戎 純米吟醸 義左衛門[アルミ缶] 180ml × 30本 [ケース販売] [若戎酒造 三重県日本酒 清酒 OKN]ギフト プレゼント 贈り物 お祝い 内祝い お返し 誕生日プレゼント 父の日 敬老の日","4qjg4e60","wko6l2pm","12799","華やかな香りと上品な旨み、三重の純米吟醸酒","https://thumbnail.image.rakuten.co.jp/@0_mall/se-sake/cabinet/01/09/10402x30.jpg","https://hb.afl.rakuten.co.jp/hgc/g00sczk7.5rcr0a18.g00sczk7.5rcr1eff/?pc=https%3A%2F%2Fitem.rakuten.co.jp%2Fse-sake%2F10402x30%2F&m=http%3A%2F%2Fm.rakuten.co.jp%2Fse-sake%2Fi%2F10063376%2F&rafcid=wsc_i_is_1037626038883608117"
"sake-41","【ふるさと納税】【松井酒造】日本酒 神蔵 5種から選べる飲み比べセット｜京都 日本酒 人気ブランド レビュー高評価 [ 神蔵 かぐら 純米酒 純米大吟醸 飲み比べ おすすめ お酒 詰め合わせ お取り寄せ 通販 送料無料 ふるさと納税 ]","kvsez5ak","jkmr6a5p","7000","京都の街中で醸される神蔵（かぐら）、京都ならではの酒米「祝」から古都を感じて","https://thumbnail.image.rakuten.co.jp/@0_mall/f261009-kyoto/cabinet/frp_goods/frp040/25834791.jpg","https://hb.afl.rakuten.co.jp/hgc/g00tpde7.5rcr05a0.g00tpde7.5rcr1342/?pc=https%3A%2F%2Fitem.rakuten.co.jp%2Ff261009-kyoto%2Fb2223-r%2F&m=http%3A%2F%2Fm.rakuten.co.jp%2Ff261009-kyoto%2Fi%2F10001397%2F&rafcid=wsc_i_is_1037626038883608117"
"sake-42","【マラソン期間中エントリーでポイント10倍！】清都酒造場 勝駒 本仕込 特別本醸造 25年9月製造 1800ml","zwdi2rtr","a7rpts2i","13800","お酒 日本酒","https://thumbnail.image.rakuten.co.jp/@0_mall/chagatapark/cabinet/catalog/2022b/171466727.jpg","https://hb.afl.rakuten.co.jp/hgc/g00rqoy7.5rcr07a6.g00rqoy7.5rcr1c27/?pc=https%3A%2F%2Fitem.rakuten.co.jp%2Fchagatapark%2F171466727%2F&m=http%3A%2F%2Fm.rakuten.co.jp%2Fchagatapark%2Fi%2F10055509%2F&rafcid=wsc_i_is_1037626038883608117"
"sake-43","日本酒　飲み比べ　送料無料　出雲杜氏の飲み比べ日本酒2本セット　月山　純米吟醸　特別純米 1800ml×2本　（北海道沖縄＋890円）","8egr8cmz","fa5p08kl","7219","お祝い お礼 贈答 贈り物 お酒のギフトはお任せ下さい","https://thumbnail.image.rakuten.co.jp/@0_mall/newyork001/cabinet/shouhin/nihonshu101_9/102001800011.jpg","https://hb.afl.rakuten.co.jp/hgc/g00sqru7.5rcr04b7.g00sqru7.5rcr185d/?pc=https%3A%2F%2Fitem.rakuten.co.jp%2Fnewyork001%2F102001800011%2F&m=http%3A%2F%2Fm.rakuten.co.jp%2Fnewyork001%2Fi%2F10006622%2F&rafcid=wsc_i_is_1037626038883608117"
"sake-44","日本酒 からはし 純米吟醸 夢の香 1800ml 日本酒 ほまれ酒造 福島 喜多方 地酒 御歳暮 贈り物 プレゼント 誕生日 記念日 ふくしまプライド","wsxscypg","7d0jpvxo","3326","会津の『優美さ』と『しとやかさ』を現した-5℃の冷蔵貯蔵","https://thumbnail.image.rakuten.co.jp/@0_mall/sakenosakuraya/cabinet/item/homare/homare-yume1800.jpg","https://hb.afl.rakuten.co.jp/hgc/g00tg4f7.5rcr0084.g00tg4f7.5rcr1126/?pc=https%3A%2F%2Fitem.rakuten.co.jp%2Fsakenosakuraya%2Fhomare-yume1800%2F&m=http%3A%2F%2Fm.rakuten.co.jp%2Fsakenosakuraya%2Fi%2F10000156%2F&rafcid=wsc_i_is_1037626038883608117"
"sake-45","大那 純米吟醸 那須五百万石 1800ml【菊の里酒造／栃木県】【日本酒】【クール便推奨】","ndnhd2zr","yua7wgwg","3410","緑色はガチャピンカラーじゃない、大那カラー。","https://thumbnail.image.rakuten.co.jp/@0_mall/umeshu/cabinet/t_rpg/1203/1203-03_thumb01.jpg","https://hb.afl.rakuten.co.jp/hgc/g00pytq7.5rcr08c1.g00pytq7.5rcr1057/?pc=https%3A%2F%2Fitem.rakuten.co.jp%2Fumeshu%2F1203-03-1800%2F&m=http%3A%2F%2Fm.rakuten.co.jp%2Fumeshu%2Fi%2F10004762%2F&rafcid=wsc_i_is_1037626038883608117"
"sake-46","豊醇無盡 たかちよ 扁平精米おりがらみ 火入 青ラベル 1800ml 【日本酒】【新潟県 高千代酒造】【楽ギフ_包装】【楽ギフ_のし】【楽ギフ_メッセ】","1bzrf7y2","4it7rd4w","3080","グレープフルーツを彷彿させる味わいが特徴です。","https://thumbnail.image.rakuten.co.jp/@0_mall/tlsinfo/cabinet/imgrc0067873075.jpg","https://hb.afl.rakuten.co.jp/hgc/g00qhht7.5rcr0461.g00qhht7.5rcr1b04/?pc=https%3A%2F%2Fitem.rakuten.co.jp%2Ftlsinfo%2F801028%2F&m=http%3A%2F%2Fm.rakuten.co.jp%2Ftlsinfo%2Fi%2F10002026%2F&rafcid=wsc_i_is_1037626038883608117"
"sake-47","ちえびじん　純米酒　一度火入れ 日本酒","pefekgyb","7kmgmm50","1870","《まるで純米吟醸酒のよう！存在感がある酒「ちえびじん　純米酒」》「ちえびじん」のコンセプト、それは東京をはじめとする全国市場で存在感を示すこと。全国からさまざまな酒が集まる東京市場。その土地それぞれの","https://thumbnail.image.rakuten.co.jp/@0_mall/sanoyajizake/cabinet/mem_item/chiebijin/sake5123_2_720_1.jpg","https://hb.afl.rakuten.co.jp/hgc/g00sxsu7.5rcr054d.g00sxsu7.5rcr1bb7/?pc=https%3A%2F%2Fitem.rakuten.co.jp%2Fsanoyajizake%2Fsake5123_2_720%2F&m=http%3A%2F%2Fm.rakuten.co.jp%2Fsanoyajizake%2Fi%2F10002609%2F&rafcid=wsc_i_is_1037626038883608117"
"sake-48","日本酒 ギフト お祝い にいだしぜんしゅ 3種セット 燗誂 純米原酒 純米吟醸 飲み比べ 720ml×3本 仁井田本家 自然酒 福島 郡山 プレゼント 誕生日 記念日 ふくしまプライド","0tp9bhvz","8yw9srue","6180","仁井田本家のしぜんしゅ銘柄から人気の3種を揃えた日本酒ギフトセット！","https://thumbnail.image.rakuten.co.jp/@0_mall/sakenosakuraya/cabinet/item/gift/set-niida-720-3.jpg","https://hb.afl.rakuten.co.jp/hgc/g00tg4f7.5rcr0084.g00tg4f7.5rcr1126/?pc=https%3A%2F%2Fitem.rakuten.co.jp%2Fsakenosakuraya%2Fset-niida-720-3%2F&m=http%3A%2F%2Fm.rakuten.co.jp%2Fsakenosakuraya%2Fi%2F10000224%2F&rafcid=wsc_i_is_1037626038883608117"
"sake-49","春霞 栗ラベル 白 酒こまち 生 純米吟醸 1800ml はるかすみ 栗林酒造店","mlx5nhk2","pbsmtwtg","3960","日本酒 栗林酒造店 秋田県 純米吟醸 じゅんまいぎんじょう 白 酒こまち はるかすみ 栗 春霞 くり ラベル","https://thumbnail.image.rakuten.co.jp/@0_mall/meishu-honpo/cabinet/75/19375_1.jpg","https://hb.afl.rakuten.co.jp/hgc/g00rf3e7.5rcr0397.g00rf3e7.5rcr1ee3/?pc=https%3A%2F%2Fitem.rakuten.co.jp%2Fmeishu-honpo%2F19375%2F&m=http%3A%2F%2Fm.rakuten.co.jp%2Fmeishu-honpo%2Fi%2F10007127%2F&rafcid=wsc_i_is_1037626038883608117"
"sake-50","ゆきの美人 飲み比べギフトセット（純米大吟醸／純米吟醸／純米酒 完全発酵） 秋田県（秋田醸造）【720ml 3本】［日本酒／日本酒好きが大満足ギフト！／キレ抜群！］※ギフト箱入り","7uz0nn75","k9mwy1yq","7320","秋田の銘酒『ゆきの美人』は、 全ての仕込みを小容量の大吟醸用タンクで、 秋田の伝統の手法と素材と手造りに拘り、 純米酒を中心に製造をしています。 非常に丁寧な造りの日本酒で 当店でも人気が上昇中の銘柄","https://thumbnail.image.rakuten.co.jp/@0_mall/jizake-watanabe/cabinet/06300917/06305966/imgrc0105972250.jpg","https://hb.afl.rakuten.co.jp/hgc/g00q1bu7.5rcr0f00.g00q1bu7.5rcr15d4/?pc=https%3A%2F%2Fitem.rakuten.co.jp%2Fjizake-watanabe%2Fyukinobijin-720-giftset%2F&m=http%3A%2F%2Fm.rakuten.co.jp%2Fjizake-watanabe%2Fi%2F10012385%2F&rafcid=wsc_i_is_1037626038883608117"
"sake-51","＼正規販売店／ 生粋左馬 きっすいひだりうま KISSUI HIDARIUMA 駆 夢の香×五百万石×福乃香 1800ml 日本酒 お酒 酒 SAKE 福島県 有賀醸造 美好屋酒店 有名 人気 飲みやすい ギフト プレゼント お祝い 贈り物 誕生日 退職祝い 結婚祝い 還暦祝い 内祝い 手土産","sqo5w4j6","gbdn0ppy","3850","生粋左馬 きっすいひだりうま KISSUI HIDARIUMA 駆 夢の香×五百万石×福乃香 1800ml 日本酒 お酒 酒 SAKE 福島県 有賀醸造 美好屋酒店 有名 人気 飲みやすい ギフト プレゼント お祝い","https://thumbnail.image.rakuten.co.jp/@0_mall/b-miyoshi/cabinet/kissui/main/imgrc0112450840.jpg","https://hb.afl.rakuten.co.jp/hgc/g00qr907.5rcr0a9f.g00qr907.5rcr1aaa/?pc=https%3A%2F%2Fitem.rakuten.co.jp%2Fb-miyoshi%2Fkissuihidariuma-kakeru-1800%2F&m=http%3A%2F%2Fm.rakuten.co.jp%2Fb-miyoshi%2Fi%2F10005177%2F&rafcid=wsc_i_is_1037626038883608117"
"sake-52","4/14 20:00〜4/17 9:59までP3倍 【送料無料】日本酒 遠藤酒造場 渓流 純米酒 1800ml 1.8L×6本【一部地域送料無料対象外】","fmy01g1d","qvjhlzs8","11501","【2021年モンドセレクション金賞受賞】","https://thumbnail.image.rakuten.co.jp/@0_mall/liquor-boss/cabinet/03382778/06111308/06401551/10376.jpg","https://hb.afl.rakuten.co.jp/hgc/g00rryx7.5rcr0489.g00rryx7.5rcr1069/?pc=https%3A%2F%2Fitem.rakuten.co.jp%2Fliquor-boss%2F10376%2F&m=http%3A%2F%2Fm.rakuten.co.jp%2Fliquor-boss%2Fi%2F10012695%2F&rafcid=wsc_i_is_1037626038883608117"
"sake-53","紫宙 純米吟醸 スノーラベル 720ml～1.8L しそら 紫波酒造店 岩手県 日本酒","twdvzjlo","ds4f0693","1760","日本酒 紫宙 しそら R5BY","https://thumbnail.image.rakuten.co.jp/@0_mall/ikenosaketen/cabinet/10440910/10826721/4931547047202-n.jpg","https://hb.afl.rakuten.co.jp/hgc/g00tqqf7.5rcr030f.g00tqqf7.5rcr1cf5/?pc=https%3A%2F%2Fitem.rakuten.co.jp%2Fikenosaketen%2F4931547047202-n%2F&m=http%3A%2F%2Fm.rakuten.co.jp%2Fikenosaketen%2Fi%2F10003045%2F&rafcid=wsc_i_is_1037626038883608117"
"sake-54","W","cwklgq8y","w","","","",""
"sake-55","【ふるさと納税】鹿島 うまか酒 はじめてセット 各300ml×6本 ミニサイズ 詰め合わせ 『幸姫 特別純米』『肥前蔵心 特別純米』『能古見 特別純米』 お酒 酒 アルコール ギフト 贈答 九州 日本酒 飲み比べ 佐賀県 鹿島市 送料無料 B-403","2pl1h2tv","c52iwgwf","19000","鹿島市の日本酒をミニサイズの飲み比べセットとしてご用意。日本酒をあまり飲まれない方や鹿島の日本酒を飲んだことのない方にも、手軽に楽しんでいただけるお試しセットです。","https://thumbnail.image.rakuten.co.jp/@0_mall/f412074-kashima/cabinet/ogusu/b-403_001.jpg","https://hb.afl.rakuten.co.jp/hgc/g00t3jf7.5rcr0ab2.g00t3jf7.5rcr1b8f/?pc=https%3A%2F%2Fitem.rakuten.co.jp%2Ff412074-kashima%2Fb-403%2F&m=http%3A%2F%2Fm.rakuten.co.jp%2Ff412074-kashima%2Fi%2F10000778%2F&rafcid=wsc_i_is_1037626038883608117"
"sake-56","福和蔵 ふくわぐら 純米酒 【火入れ】 720ml 三重県多気町 VISON ヴィソン 井村屋 日本酒 販売店 通販","ej8y9ve1","gzgx9e2m","1980","三重県の新たな酒蔵「福和蔵（ふくわぐら）」が醸す酒！","https://thumbnail.image.rakuten.co.jp/@0_mall/sake-mie/cabinet/miesake-1/fukuwa/fukuwa-jun-h-720-2.jpg","https://hb.afl.rakuten.co.jp/hgc/g00s9ev7.5rcr0306.g00s9ev7.5rcr1058/?pc=https%3A%2F%2Fitem.rakuten.co.jp%2Fsake-mie%2Ffukuwa-jun-hi-720%2F&m=http%3A%2F%2Fm.rakuten.co.jp%2Fsake-mie%2Fi%2F10000674%2F&rafcid=wsc_i_is_1037626038883608117"
"sake-57","純米吟醸 二兎 山田錦55 火 720ml 【丸石醸造株式会社／愛知県】【クール便推奨】【日本酒】","s12xdeaa","jffm82la","1870","自然体で、今っぽく。純米吟醸 二兎 山田錦 火 丸石醸造 愛知 日本酒","https://thumbnail.image.rakuten.co.jp/@0_mall/umeshu/cabinet/t_rpg/1072/1246-20-0.jpg","https://hb.afl.rakuten.co.jp/hgc/g00pytq7.5rcr08c1.g00pytq7.5rcr1057/?pc=https%3A%2F%2Fitem.rakuten.co.jp%2Fumeshu%2F1246-20-0720%2F&m=http%3A%2F%2Fm.rakuten.co.jp%2Fumeshu%2Fi%2F10010597%2F&rafcid=wsc_i_is_1037626038883608117"
"sake-58","御湖鶴 日本酒 純米吟醸 金紋錦 火入れ 1800　Mikotsuru きんもんにしき　(長野県／諏訪御湖鶴酒造場)","8c5e89zg","500iuhx7","4180","＼誕生日や記念日の乾杯ギフト受付中！のし無料／","https://thumbnail.image.rakuten.co.jp/@0_mall/craftbeer/cabinet/102519-1_251211.jpg","https://hb.afl.rakuten.co.jp/hgc/g00qmmx7.5rcr0634.g00qmmx7.5rcr1fea/?pc=https%3A%2F%2Fitem.rakuten.co.jp%2Fcraftbeer%2F102519%2F&m=http%3A%2F%2Fm.rakuten.co.jp%2Fcraftbeer%2Fi%2F10003877%2F&rafcid=wsc_i_is_1037626038883608117"
"sake-59","越銘醸 山城屋 WABI わび 日本酒 720ml 要冷蔵 クール便 新潟","lslu6luo","47fv3dgp","1900","※要冷蔵商品です。保存される場合は必ず10度以下にて保存願います。 ※クール便を選択してご注文お願いします。通常便を選択された場合はクール便に変更いたします。 ※この商品はお酒です。20歳未満の方は購","https://thumbnail.image.rakuten.co.jp/@0_mall/hoshigulf/cabinet/09893703/imgrc0099887855.jpg","https://hb.afl.rakuten.co.jp/hgc/g00t3je7.5rcr0cf8.g00t3je7.5rcr132e/?pc=https%3A%2F%2Fitem.rakuten.co.jp%2Fhoshigulf%2F4941126043365%2F&m=http%3A%2F%2Fm.rakuten.co.jp%2Fhoshigulf%2Fi%2F10002834%2F&rafcid=wsc_i_is_1037626038883608117"
"sake-60","日本酒セット 楯野川 清流 純米大吟醸 720ML ＆大和屋善内 純米 生詰 720ml ギフトボックス入り 楽ギフ_のし コンビニ受取対応商品 本州のみ送料無料 お酒 母の日 プレゼント","0wco6vhp","069zsoyq","5225","母の日 ギフト 本州のみ送料無料","https://thumbnail.image.rakuten.co.jp/@0_mall/syuraku-shop/cabinet/item06/sb-67622-113145_01.jpg","https://hb.afl.rakuten.co.jp/hgc/g00rki57.5rcr0f1e.g00rki57.5rcr103b/?pc=https%3A%2F%2Fitem.rakuten.co.jp%2Fsyuraku-shop%2Fsb-67622-113145%2F&m=http%3A%2F%2Fm.rakuten.co.jp%2Fsyuraku-shop%2Fi%2F10007794%2F&rafcid=wsc_i_is_1037626038883608117"
"sake-61","阿武の鶴","rrl02k65","xfatqc7e","","","",""
"sake-62","【ふるさと納税】永平寺白龍純米大吟醸 雪想い 720ml 4合 /酒 贈答用 永平寺町 お酒 日本酒 地酒 ギフト 贈答 バレンタイン ホワイトデー 吉田酒造 永平寺テロワール シンフォニー 福井 福井県地酒 北陸 山田錦 [B-025008] ユネスコ無形文化遺産 ユネスコ","f82bdhmp","l1cfukwp","19000","やわらかな米のうま味、甘みを堪能できる純米大吟醸酒です。","https://thumbnail.image.rakuten.co.jp/@0_mall/f183229-eiheiji/cabinet/08979897/b-025008-s.jpg","https://hb.afl.rakuten.co.jp/hgc/g00tzv77.5rcr0033.g00tzv77.5rcr12c7/?pc=https%3A%2F%2Fitem.rakuten.co.jp%2Ff183229-eiheiji%2Fb-025008%2F&m=http%3A%2F%2Fm.rakuten.co.jp%2Ff183229-eiheiji%2Fi%2F10000594%2F&rafcid=wsc_i_is_1037626038883608117"
"sake-63","日本酒 大吟醸 我山 1800ml 1.8L 1本 鶴見酒造 ギフト 直送 WGO お酒 新生活 のし・ギフト対応不可","e7f5oiv6","vz9unxtw","6761","商品名 日本酒 大吟醸 我山 1800ml 1.8L 1本 鶴見酒造 ギフト 直送 メーカー 鶴見酒造 容量/入数 1800ml / 1本 Alc度数 16.0% 精米歩合度 40% 使用米 兵庫県特","https://thumbnail.image.rakuten.co.jp/@0_mall/issyusouden/cabinet/2021_01/06/19321186.jpg","https://hb.afl.rakuten.co.jp/hgc/g00rde17.5rcr0b9f.g00rde17.5rcr1bc7/?pc=https%3A%2F%2Fitem.rakuten.co.jp%2Fissyusouden%2F19321186%2F&m=http%3A%2F%2Fm.rakuten.co.jp%2Fissyusouden%2Fi%2F10025737%2F&rafcid=wsc_i_is_1037626038883608117"
"sake-64","亀の海 純米吟醸 無濾過生 1800ml【土屋酒造店／長野県】【要冷蔵】【日本酒】","dp4r7ek9","yrtfwqfk","3630","いい大人を、ホネヌキにする。亀の海 日本酒 純米吟醸 無濾過生 土屋酒造 長野","https://thumbnail.image.rakuten.co.jp/@0_mall/umeshu/cabinet//t_rpg/1250/1250-03-00.jpg","https://hb.afl.rakuten.co.jp/hgc/g00pytq7.5rcr08c1.g00pytq7.5rcr1057/?pc=https%3A%2F%2Fitem.rakuten.co.jp%2Fumeshu%2F1250-03-1800%2F&m=http%3A%2F%2Fm.rakuten.co.jp%2Fumeshu%2Fi%2F10008616%2F&rafcid=wsc_i_is_1037626038883608117"
"sake-65","【ふるさと納税】ハッピー太郎醸造所のどぶろく(ハッピーどぶろく)2本セット（480ml×2本）どぶろく日本酒 お酒 酒 地酒 米麹 発酵飲料 ドブロク 飲み比べ ハッピー太郎 醸造所 滋賀 長浜人気 おすすめ どぶろく[AQAR003]","9tc8nhv3","qa","17000","どぶろく 日本酒 地酒 米麹 長浜醸造所 贈答用ギフト 滋賀特産 お取り寄せ にごり酒 日本酒 お酒 酒 地酒 飲み比べ ハッピー太郎 醸造所 滋賀 長浜 人気 おすすめ","https://thumbnail.image.rakuten.co.jp/@0_mall/f252034-nagahama/cabinet/item/aqar/aqar003.jpg","https://hb.afl.rakuten.co.jp/hgc/g00sucm7.5rcr0a58.g00sucm7.5rcr1982/?pc=https%3A%2F%2Fitem.rakuten.co.jp%2Ff252034-nagahama%2F11551-30047299%2F&m=http%3A%2F%2Fm.rakuten.co.jp%2Ff252034-nagahama%2Fi%2F10000671%2F&rafcid=wsc_i_is_1037626038883608117"
"sake-66","真田六文銭 純米吟醸 ひとごこち 五割五分 無濾過原酒 生もと造り 720ml 日本酒 春 お花見 花見 母の日 入学祝い 就職祝い 手土産 贈り物 プレゼント あす楽 ギフト のし 贈答品 お祝 御祝 誕生日 内祝 還暦祝い 結婚祝い 出産祝い お酒 就職祝 退職祝","lm5ow0v8","w4me3zur","2563","長野県 山三酒造 酒 家飲み 御歳暮 お歳暮 贈り物 飲み比べ お返し 御礼 御祝 熨斗 プレゼント 人気 高級","https://thumbnail.image.rakuten.co.jp/@0_mall/mighty-liquors/cabinet/10282351/imgrc0122840472.jpg","https://hb.afl.rakuten.co.jp/hgc/g00rrxb7.5rcr06a4.g00rrxb7.5rcr1993/?pc=https%3A%2F%2Fitem.rakuten.co.jp%2Fmighty-liquors%2Fsa350111%2F&m=http%3A%2F%2Fm.rakuten.co.jp%2Fmighty-liquors%2Fi%2F10008475%2F&rafcid=wsc_i_is_1037626038883608117"
"sake-67","母の日 ギフト プレゼント narai kinmon 720ml 酒 日本酒 金紋 純米大吟醸 父の日 お取り寄せ 長野県 塩尻市 ホームパーティー","suginomoribrewery","narai","5500","※メーカー直送・他の商品との同梱不可※","https://thumbnail.image.rakuten.co.jp/@0_mall/sobaburumai/cabinet/liquor/kin_itemph_02.jpg","https://hb.afl.rakuten.co.jp/hgc/g00q1xp7.5rcr09fa.g00q1xp7.5rcr129c/?pc=https%3A%2F%2Fitem.rakuten.co.jp%2Fsobaburumai%2Fkinmon%2F&m=http%3A%2F%2Fm.rakuten.co.jp%2Fsobaburumai%2Fi%2F10000531%2F&rafcid=wsc_i_is_1037626038883608117"
"sake-68","Maison Aoi メゾンアオイ Farmer 大川戸 越淡麗 火入れ 720ml 葵酒造 新潟県 日本酒 地酒 通販 【クール便指定】","09jdu84o","maisonaoi","6600","新潟、葵酒造が醸す透明感際立つモダン日本酒「Maison Aoi」シリーズ","https://thumbnail.image.rakuten.co.jp/@0_mall/sake-mie/cabinet/kengaishu/aoi/aoi-f-koshitanrei01.jpg","https://hb.afl.rakuten.co.jp/hgc/g00s9ev7.5rcr0306.g00s9ev7.5rcr1058/?pc=https%3A%2F%2Fitem.rakuten.co.jp%2Fsake-mie%2Faoi05-720%2F&m=http%3A%2F%2Fm.rakuten.co.jp%2Fsake-mie%2Fi%2F10002064%2F&rafcid=wsc_i_is_1037626038883608117"
"sake-69","森ノ醸造所","8g2ug8e8","iod7d1i0","","","",""
"sake-70","わかむすめ 　 純米吟醸　無濾過生原酒 　おりがらみ　牡丹　(ぼたん) 　雄町　720ml 　日本酒 新谷酒造　山口　徳地","p5wslqg4","12d2wynz","2310","立てば芍薬、座れば牡丹、歩く姿は百合の花","https://thumbnail.image.rakuten.co.jp/@0_mall/enjoy-sake/cabinet/zenkoku-sake/wakamusume4-23-4.jpg","https://hb.afl.rakuten.co.jp/hgc/g00qk967.5rcr03f7.g00qk967.5rcr1f43/?pc=https%3A%2F%2Fitem.rakuten.co.jp%2Fenjoy-sake%2F10001654%2F&m=http%3A%2F%2Fm.rakuten.co.jp%2Fenjoy-sake%2Fi%2F10001654%2F&rafcid=wsc_i_is_1037626038883608117"
"sake-71","稲とアガベ 交酒花風 720ml 【要冷蔵】 四合瓶 日本酒 清酒 秋田 稲とアガベ醸造所 いねとあがべ","04tbkuta","r1byaw7q","2349","◇醸造元◇「稲とアガベ」は秋田県男鹿市で2021年の秋に創業したクラフトサケ醸造所。 「クラフトサケ」とは、日本酒の製造技術をベースとしたお酒、または、そこに副原料を入れることで新しい味わいを目指した","https://thumbnail.image.rakuten.co.jp/@0_mall/s-wine/cabinet/crossmall_08/hana7201.jpg","https://hb.afl.rakuten.co.jp/hgc/g00pwks7.5rcr004b.g00pwks7.5rcr1e7c/?pc=https%3A%2F%2Fitem.rakuten.co.jp%2Fs-wine%2F03%2F&m=http%3A%2F%2Fm.rakuten.co.jp%2Fs-wine%2Fi%2F10027578%2F&rafcid=wsc_i_is_1037626038883608117"
"sake-72","一歩己 いぶき 純米酒 720ml 日本酒 春 お花見 花見 母の日 入学祝い 就職祝い 手土産 贈り物 プレゼント あす楽 ギフト のし 贈答品 お祝 御祝 誕生日 内祝 還暦祝い 結婚祝い 出産祝い お酒 就職祝 退職祝","unienj0w","oywb9x3v","2200","福島県 豊国酒造 酒 家飲み 御歳暮 お歳暮 贈り物 飲み比べ お返し 御礼 御祝 熨斗 プレゼント 人気 高級","https://thumbnail.image.rakuten.co.jp/@0_mall/mighty-liquors/cabinet/matched_folder_3/sa172101.jpg","https://hb.afl.rakuten.co.jp/hgc/g00rrxb7.5rcr06a4.g00rrxb7.5rcr1993/?pc=https%3A%2F%2Fitem.rakuten.co.jp%2Fmighty-liquors%2F10002817%2F&m=http%3A%2F%2Fm.rakuten.co.jp%2Fmighty-liquors%2Fi%2F10002817%2F&rafcid=wsc_i_is_1037626038883608117"
"sake-73","Ohmine 3grain 大嶺3粒 火入れ 雄町【日本酒/大嶺酒造/おおみね】","up5kkpmu","ohmine","2475","雄町の新しいカタチ、3粒の黒。","https://thumbnail.image.rakuten.co.jp/@0_mall/sakayainoue/cabinet/03273104/03278099/imgrc0085234126.jpg","https://hb.afl.rakuten.co.jp/hgc/g00rqje7.5rcr0def.g00rqje7.5rcr1752/?pc=https%3A%2F%2Fitem.rakuten.co.jp%2Fsakayainoue%2F4580321990175%2F&m=http%3A%2F%2Fm.rakuten.co.jp%2Fsakayainoue%2Fi%2F10001521%2F&rafcid=wsc_i_is_1037626038883608117"
"sake-74","【マラソン期間中ポイント5倍】 日本酒 北海道 地酒 ギフト 詰め合わせ 飲み比べ セット 上川大雪酒造 純米 純米吟醸 720ml 2本セット ギフトボックス ソーシャルギフト 御祝 ギフト 御歳暮 同梱不可","c14er7xn","7ymxxg53","5380","北海道 地酒 日本酒 北海道の契約農家の酒米と地域の名水で造った広大な北海道の空気と水を感じる地酒です。 お好みの温度で、旬のお料理と共にお楽しみください。","https://thumbnail.image.rakuten.co.jp/@0_mall/hokkaidouselectshop/cabinet/tanpin/imgrc0090023120.jpg","https://hb.afl.rakuten.co.jp/hgc/g00uhst7.5rcr0b2a.g00uhst7.5rcr180f/?pc=https%3A%2F%2Fitem.rakuten.co.jp%2Fhokkaidouselectshop%2Fkamikawa-gift2s_1%2F&m=http%3A%2F%2Fm.rakuten.co.jp%2Fhokkaidouselectshop%2Fi%2F10000021%2F&rafcid=wsc_i_is_1037626038883608117"
"sake-75","光栄菊 Sukai 清海 すかい 特別純米 火入 1800ml【2025年12月製造】日本酒／光栄菊酒造 佐賀県","93b4w4c1","i8z127dp","3700","【当店は0度以下で冷蔵保管しております 】日本酒 人気 御礼 御祝 バレンタインデー ホワイトデー 退職祝 就職祝 ギフト プレゼント 贈答品 純米大吟醸 純米吟醸 焼酎","https://thumbnail.image.rakuten.co.jp/@0_mall/bisyugakou/cabinet/10584510/11501896/11553830/imgrc0095325654.jpg","https://hb.afl.rakuten.co.jp/hgc/g00uk6d7.5rcr0708.g00uk6d7.5rcr156f/?pc=https%3A%2F%2Fitem.rakuten.co.jp%2Fbisyugakou%2Fko005-n18%2F&m=http%3A%2F%2Fm.rakuten.co.jp%2Fbisyugakou%2Fi%2F10001465%2F&rafcid=wsc_i_is_1037626038883608117"
"sake-76","【ふるさと納税】 日本酒 2本 セット 特別純米酒 純米吟醸酒 天美 黒天 白天 720ml × 2 酒 お酒 人気日本酒 おすすめ日本酒 TENBI 長州酒造 飲み比べ フレッシュ フルーティー プレゼント ギフト 銘酒 贈り物 贈答 家飲み 晩酌 お中元 お歳暮 記念日 父の日 下関 山口","x8hzlcef","2a5hs6qb","15000","迷ったらこれ！人気の定番セット！","https://thumbnail.image.rakuten.co.jp/@0_mall/f352012-shimonoseki/cabinet/09174010/es105_r_1.jpg","https://hb.afl.rakuten.co.jp/hgc/g00u8an7.5rcr0ee5.g00u8an7.5rcr1345/?pc=https%3A%2F%2Fitem.rakuten.co.jp%2Ff352012-shimonoseki%2Fes105%2F&m=http%3A%2F%2Fm.rakuten.co.jp%2Ff352012-shimonoseki%2Fi%2F10001908%2F&rafcid=wsc_i_is_1037626038883608117"
"sake-77","天明 純米 中取り壱号 山田錦50 五百万石70 無濾過生原酒 1800ml てんめい 曙酒造","p1qbjpbq","v3peszf6","3795","日本酒 曙酒造 福井県 天明 純米 中取り壱号 山田錦 五百万石 無濾過生原酒 ギフト プレゼント 贈り物","https://thumbnail.image.rakuten.co.jp/@0_mall/meishu-honpo/cabinet/26/141426_1.jpg","https://hb.afl.rakuten.co.jp/hgc/g00rf3e7.5rcr0397.g00rf3e7.5rcr1ee3/?pc=https%3A%2F%2Fitem.rakuten.co.jp%2Fmeishu-honpo%2F141426%2F&m=http%3A%2F%2Fm.rakuten.co.jp%2Fmeishu-honpo%2Fi%2F10004369%2F&rafcid=wsc_i_is_1037626038883608117"
"sake-78","haccoba kasu sansho lemonade 500ml 【要冷蔵】 日本酒 清酒 福島 浪江醸造所 はっこうば かす さんしょう れもねーど","haccobacraftsakebrewery","haccoba","2420","◇醸造元◇haccoba -Craft Sake Brewery-は2021年2月に福島の小高というまちで誕生した新しい酒蔵。 「酒づくりをもっと自由に」という思いのもと、お米の他に原料にホップなどを","https://thumbnail.image.rakuten.co.jp/@0_mall/s-wine/cabinet/crossmall_08/kasu7201.jpg","https://hb.afl.rakuten.co.jp/hgc/g00pwks7.5rcr004b.g00pwks7.5rcr1e7c/?pc=https%3A%2F%2Fitem.rakuten.co.jp%2Fs-wine%2F7901%2F&m=http%3A%2F%2Fm.rakuten.co.jp%2Fs-wine%2Fi%2F10025109%2F&rafcid=wsc_i_is_1037626038883608117"
"sake-79","花邑　(はなむら) 純米吟醸 出羽燦々 生酒 1800ml 【両関酒造】【秋田県　日本酒】","4by11e3b","4bt3bl7q","5500","商品発送用箱代金、送料無料。 ご希望であれば熨斗、ラッピングも対応可能です。 備考欄、またお問合せからご相談ください。1本のご注文から送料、輸送用箱代金、ラッピング、熨斗、すべて無料で承っております。","https://thumbnail.image.rakuten.co.jp/@0_mall/courage0115/cabinet/mem_item/imgrc0115009397.jpg","https://hb.afl.rakuten.co.jp/hgc/g00slbk7.5rcr0f96.g00slbk7.5rcr1849/?pc=https%3A%2F%2Fitem.rakuten.co.jp%2Fcourage0115%2F10000503%2F&m=http%3A%2F%2Fm.rakuten.co.jp%2Fcourage0115%2Fi%2F10000503%2F&rafcid=wsc_i_is_1037626038883608117"
"sake-80","福海 ( ふくうみ ) 山田錦 生酒 1.8L / 長崎県 福田酒造【 7323 】【 日本酒 】【 要冷蔵 】【 母の日 父の日 贈り物 ギフト プレゼント 】","cr0cm9ei","fed6kcxn","3850","無濾過 生酒 原酒 純米 山田錦 長崎県 SAKE","https://thumbnail.image.rakuten.co.jp/@0_mall/yamasake/cabinet/seisyu/fukuumi/imgrc0151878665.jpg","https://hb.afl.rakuten.co.jp/hgc/g00r7507.5rcr0da1.g00r7507.5rcr1f58/?pc=https%3A%2F%2Fitem.rakuten.co.jp%2Fyamasake%2F7323%2F&m=http%3A%2F%2Fm.rakuten.co.jp%2Fyamasake%2Fi%2F10009743%2F&rafcid=wsc_i_is_1037626038883608117"
"sake-81","楽器正宗 本醸造 中取り 1800ml 日本酒 春 お花見 花見 母の日 入学祝い 就職祝い 手土産 贈り物 プレゼント あす楽 ギフト のし 贈答品 お祝 御祝 誕生日 内祝 還暦祝い 結婚祝い 出産祝い お酒 就職祝 退職祝","xy80pnkq","wdrax1r6","3905","福島県 大木代吉本店 酒 家飲み 御歳暮 お歳暮 贈り物 飲み比べ お返し 御礼 御祝 熨斗 プレゼント 人気 高級","https://thumbnail.image.rakuten.co.jp/@0_mall/mighty-liquors/cabinet/matched_folder_3/sa166002.jpg","https://hb.afl.rakuten.co.jp/hgc/g00rrxb7.5rcr06a4.g00rrxb7.5rcr1993/?pc=https%3A%2F%2Fitem.rakuten.co.jp%2Fmighty-liquors%2F10002795%2F&m=http%3A%2F%2Fm.rakuten.co.jp%2Fmighty-liquors%2Fi%2F10002795%2F&rafcid=wsc_i_is_1037626038883608117"
"sake-82","＼正規販売店／ 松尾自慢 Re:make 純米吟醸 無濾過原酒一度火入れ 720ml 日本酒 お酒 酒 SAKE 千葉県 寒菊銘醸 美好屋酒店 有名 人気 飲みやすい ギフト プレゼント お祝い 贈り物 誕生日 退職祝い 結婚祝い 還暦祝い 内祝い 手土産","gkf5hdhh","sc1ub48a","1650","松尾自慢 Re:make 純米吟醸 無濾過原酒一度火入れ 720ml 日本酒 お酒 酒 SAKE 千葉県 寒菊銘醸 美好屋酒店 有名 人気 飲みやすい ギフト プレゼント お祝い 贈り物 誕生日 退職祝い","https://thumbnail.image.rakuten.co.jp/@0_mall/b-miyoshi/cabinet/kannkiku/main/matsuo-hi720main.jpg","https://hb.afl.rakuten.co.jp/hgc/g00qr907.5rcr0a9f.g00qr907.5rcr1aaa/?pc=https%3A%2F%2Fitem.rakuten.co.jp%2Fb-miyoshi%2Fmatuojiman-720%2F&m=http%3A%2F%2Fm.rakuten.co.jp%2Fb-miyoshi%2Fi%2F10003996%2F&rafcid=wsc_i_is_1037626038883608117"
"sake-83","【日本酒】 くどき上手 純米吟醸 くどき上手 1.8L","yt6fgrav","39xzfnds","3465","不動の人気を誇る大ベストセラー純吟「くどき上手」","https://thumbnail.image.rakuten.co.jp/@0_mall/abesaketen/cabinet/sake/kamenoi/r_kudo_jyungin18a.jpg","https://hb.afl.rakuten.co.jp/hgc/g00qhcm7.5rcr0e2e.g00qhcm7.5rcr1448/?pc=https%3A%2F%2Fitem.rakuten.co.jp%2Fabesaketen%2Fkudokijyouzu14%2F&m=http%3A%2F%2Fm.rakuten.co.jp%2Fabesaketen%2Fi%2F10000343%2F&rafcid=wsc_i_is_1037626038883608117"
"sake-84","【ポイント5倍！】【令和七酒造年度】冩樂 純愛仕込 純米酒 純米吟醸 飲み比べ セット 720mL×2本（箱なし）写楽 しゃらく 日本酒 地酒 宮泉銘醸 福島県 のし 熨斗 ギフト 包装 ラッピング 贈り物 プレゼント 敬老の日 父の日 内祝 御祝 御中元 御歳暮 誕生日","zwhghilq","92mn6a73","7280","おすすめ 人気 飲み比べ 結婚記念日 お祝 お中元 お歳暮 お礼 家飲み ホワイトデー お返し 返礼品 人気 記念 還暦 退職 昇進 新築 クリスマス お正月 喜寿 古希 米寿 傘寿 白寿 感謝 家族","https://thumbnail.image.rakuten.co.jp/@0_mall/izukawa-ya/cabinet/12546998/imgrc0103427401.jpg","https://hb.afl.rakuten.co.jp/hgc/g00uolz7.5rcr05fc.g00uolz7.5rcr12e7/?pc=https%3A%2F%2Fitem.rakuten.co.jp%2Fizukawa-ya%2Fsharaku_set%2F&m=http%3A%2F%2Fm.rakuten.co.jp%2Fizukawa-ya%2Fi%2F10000154%2F&rafcid=wsc_i_is_1037626038883608117"
"sake-85","＼正規販売店／ 常山 じょうざん jozan 極 純米大吟醸 芳醇辛口 1800ml 日本酒 お酒 酒 SAKE 福井県 常山酒造 美好屋酒店 有名 人気 飲みやすい ギフト プレゼント お祝い 贈り物 誕生日 退職祝い 結婚祝い 還暦祝い 内祝い 手土産","98anbp3x","32swdo6h","4620","常山 じょうざん jozan 極 純米大吟醸 芳醇辛口 1800ml 日本酒 お酒 酒 SAKE 福井県 常山酒造 美好屋酒店 有名 人気 飲みやすい ギフト プレゼント お祝い 贈り物 誕生日 退職祝い","https://thumbnail.image.rakuten.co.jp/@0_mall/b-miyoshi/cabinet/zyouzan/main/imgrc0102726492.jpg","https://hb.afl.rakuten.co.jp/hgc/g00qr907.5rcr0a9f.g00qr907.5rcr1aaa/?pc=https%3A%2F%2Fitem.rakuten.co.jp%2Fb-miyoshi%2Fjyouzan-kiwami-1800%2F&m=http%3A%2F%2Fm.rakuten.co.jp%2Fb-miyoshi%2Fi%2F10004003%2F&rafcid=wsc_i_is_1037626038883608117"
"sake-86","岡崎酒造 信州亀齢 長野県産 美山錦 純米大吟醸39 日本酒 15％ 720ml 瓶 1本 箱無し（2026年1月製造）","4cjqw14s","ycggkayc","17600","全国配送可能 クール便","https://thumbnail.image.rakuten.co.jp/@0_mall/saketown/cabinet/12924619/compass1772093842.jpg","https://hb.afl.rakuten.co.jp/hgc/g00ung57.5rcr09a4.g00ung57.5rcr1e32/?pc=https%3A%2F%2Fitem.rakuten.co.jp%2Fsaketown%2F10440588525855%2F&m=http%3A%2F%2Fm.rakuten.co.jp%2Fsaketown%2Fi%2F10001559%2F&rafcid=wsc_i_is_1037626038883608117"
"sake-87","鍋島 純米吟醸 山田錦 720ml 日本酒 春 お花見 花見 母の日 入学祝い 就職祝い 手土産 贈り物 プレゼント あす楽 ギフト のし 贈答品 お祝 御祝 誕生日 内祝 還暦祝い 結婚祝い 出産祝い お酒 就職祝 退職祝","av4i1s55","5mrybftw","3850","佐賀県 富久千代酒造 酒 家飲み 御歳暮 お歳暮 贈り物 飲み比べ お返し 御礼 御祝 熨斗 プレゼント 人気 高級","https://thumbnail.image.rakuten.co.jp/@0_mall/mighty-liquors/cabinet/matched_folder_1/sa040130.jpg","https://hb.afl.rakuten.co.jp/hgc/g00rrxb7.5rcr06a4.g00rrxb7.5rcr1993/?pc=https%3A%2F%2Fitem.rakuten.co.jp%2Fmighty-liquors%2F10000863%2F&m=http%3A%2F%2Fm.rakuten.co.jp%2Fmighty-liquors%2Fi%2F10000863%2F&rafcid=wsc_i_is_1037626038883608117"
"sake-88","初緑 無濾過生原酒 セット 720mlx2本 送料込み お歳暮 お正月 日本酒 清酒 地酒 フルーティー 要冷蔵 贈り物 家飲み 飲み比べ 包装 のし 蔵元 プレゼント ギフト 内祝い","kgl3vodl","merchrbh","5480","人気の生酒セット！！","https://thumbnail.image.rakuten.co.jp/@0_mall/takagisyuzou/cabinet/set/09073588/181100880.jpg","https://hb.afl.rakuten.co.jp/hgc/g00r9257.5rcr0ae9.g00r9257.5rcr1a3f/?pc=https%3A%2F%2Fitem.rakuten.co.jp%2Ftakagisyuzou%2Fset_1000%2F&m=http%3A%2F%2Fm.rakuten.co.jp%2Ftakagisyuzou%2Fi%2F10000603%2F&rafcid=wsc_i_is_1037626038883608117"
"sake-89","飛鸞 にこまる 火入れ 720ml【日本酒】【長崎県 森酒造場】","v13c90y3","r5x95stu","1925","長崎の食用米の品種である「にこまる」を使用したお酒です","https://thumbnail.image.rakuten.co.jp/@0_mall/tlsinfo/cabinet/niko720.gif","https://hb.afl.rakuten.co.jp/hgc/g00qhht7.5rcr0461.g00qhht7.5rcr1b04/?pc=https%3A%2F%2Fitem.rakuten.co.jp%2Ftlsinfo%2F803372%2F&m=http%3A%2F%2Fm.rakuten.co.jp%2Ftlsinfo%2Fi%2F10002901%2F&rafcid=wsc_i_is_1037626038883608117"
"sake-90","日本酒 G7広島サミット使用酒 廣戸川 特別純米酒 720ml 福島県岩瀬郡 ひろとがわ","urh7zkso","d1ej72kx","1870","G7広島サミット使用酒！SAKE COMPETITION 2016 純米酒部門金賞受賞酒！","https://thumbnail.image.rakuten.co.jp/@0_mall/shidukuya/cabinet/03078492/06553052/imgrc0074398299.jpg","https://hb.afl.rakuten.co.jp/hgc/g00rhp77.5rcr0e56.g00rhp77.5rcr16d2/?pc=https%3A%2F%2Fitem.rakuten.co.jp%2Fshidukuya%2Fhirotogawa002%2F&m=http%3A%2F%2Fm.rakuten.co.jp%2Fshidukuya%2Fi%2F10001679%2F&rafcid=wsc_i_is_1037626038883608117"
"sake-91","磯自慢 純米吟醸 山田錦 1800ml 日本酒 磯自慢酒造 静岡県","ya2tkuwb","6z7f4aiz","5720","正規販売店 日本酒 磯自慢酒造 静岡県 お酒 人気","https://thumbnail.image.rakuten.co.jp/@0_mall/hasegawasaketen/cabinet/10005886/12171873/1000531_g7.jpg","https://hb.afl.rakuten.co.jp/hgc/g00r8ad7.5rcr008a.g00r8ad7.5rcr138e/?pc=https%3A%2F%2Fitem.rakuten.co.jp%2Fhasegawasaketen%2F1000531%2F&m=http%3A%2F%2Fm.rakuten.co.jp%2Fhasegawasaketen%2Fi%2F10000045%2F&rafcid=wsc_i_is_1037626038883608117"
"sake-92","一白水成　良心　特別純米酒　福禄寿酒造　1800ml","819x1e4p","gu98ok62","2970","お酒　おさけ　日本酒　ギフト　贈答用　秋田県　NEXT5　父の日","https://thumbnail.image.rakuten.co.jp/@0_mall/fukazawap-sake/cabinet/imgrc0226457846.jpg","https://hb.afl.rakuten.co.jp/hgc/g00s8e67.5rcr041d.g00s8e67.5rcr1fb4/?pc=https%3A%2F%2Fitem.rakuten.co.jp%2Ffukazawap-sake%2Ffukurokuju_ryousin_h_1800%2F&m=http%3A%2F%2Fm.rakuten.co.jp%2Ffukazawap-sake%2Fi%2F10000764%2F&rafcid=wsc_i_is_1037626038883608117"
"sake-93","紀土 スクラムセット【日本酒 720ml 6本】【送料無料】【北海道・沖縄は送料950円】","6jh2vhzh","skdjir8a","12752","紀土 飲み比べセット。","https://thumbnail.image.rakuten.co.jp/@0_mall/sakayainoue/cabinet/03321641/imgrc0109264914.jpg","https://hb.afl.rakuten.co.jp/hgc/g00rqje7.5rcr0def.g00rqje7.5rcr1752/?pc=https%3A%2F%2Fitem.rakuten.co.jp%2Fsakayainoue%2F1610000023900%2F&m=http%3A%2F%2Fm.rakuten.co.jp%2Fsakayainoue%2Fi%2F10001259%2F&rafcid=wsc_i_is_1037626038883608117"
"sake-94","黒龍酒造 黒龍 大吟醸 1800ml【専用化粧箱入】 : 黒龍 黒龍酒造 コクリュウ 福井 お酒 日本酒 地酒 限定 大吟醸 吟醸香 冷酒 家飲み 旨い 美味い 飲み比べ のみ比べ 福井 妻 夫 両親 感謝 ギフト プレゼント 贈答 お歳暮 お正月 辰年","3q877c8b","89zg5n0z","1430","黒龍酒造 石田屋 黒龍 大吟醸 福井 地酒 限定 辛口 化粧箱入り お取り寄せ 飲み比べ お試し ギフト お土産 コクリュウ コスパ プレゼント 人気 有名 金賞受賞蔵","https://thumbnail.image.rakuten.co.jp/@0_mall/hyousuke/cabinet/kokuryu/imgrc0117205400.jpg","https://hb.afl.rakuten.co.jp/hgc/g00pjqn7.5rcr0e84.g00pjqn7.5rcr11c4/?pc=https%3A%2F%2Fitem.rakuten.co.jp%2Fhyousuke%2F336954%2F&m=http%3A%2F%2Fm.rakuten.co.jp%2Fhyousuke%2Fi%2F10000008%2F&rafcid=wsc_i_is_1037626038883608117"
"sake-95","日本酒 地酒 【作 雅乃智 中取り】 純米大吟醸 1800ml 一升瓶 純米大吟醸 清水清三郎商店 三重県鈴鹿 ざく ザク 正規価格で買える店 華やか フルーティー 冷酒 ワイングラスでおすすめ コンテスト入賞多数 人気銘柄 プレゼント 伊勢志摩サミット乾杯酒 採用ブランド","u5ufeie8","nqyzl8ox","5830","『作　ざく』と言えば「雅乃智中取り」 シリーズの中でもおすすめ度ナンバーワン！ 有名日本酒コンテスト入賞多数！ 無料包装 箱なし 領収書 対応可能","https://thumbnail.image.rakuten.co.jp/@0_mall/sake-mie/cabinet/zaku/zaku2021/imgrc0079794349.jpg","https://hb.afl.rakuten.co.jp/hgc/g00s9ev7.5rcr0306.g00s9ev7.5rcr1058/?pc=https%3A%2F%2Fitem.rakuten.co.jp%2Fsake-mie%2Fzaku-myabi-naka-1800%2F&m=http%3A%2F%2Fm.rakuten.co.jp%2Fsake-mie%2Fi%2F10000001%2F&rafcid=wsc_i_is_1037626038883608117"
"sake-96","＼正規販売店／ 仙禽 せんきん senkin モダン 壱式（火入） 720ml 日本酒 お酒 酒 SAKE 栃木県 株式会社せんきん 美好屋酒店 有名 人気 飲みやすい ギフト プレゼント お祝い 贈り物 誕生日 退職祝い 結婚祝い 還暦祝い 内祝い 手土産","zyrfw3ti","orm4a19p","1901","仙禽 せんきん senkin モダン 壱式（火入） 720ml 日本酒 お酒 酒 SAKE 栃木県 株式会社せんきん 美好屋酒店 有名 人気 飲みやすい ギフト プレゼント お祝い 贈り物 誕生日 退職祝い","https://thumbnail.image.rakuten.co.jp/@0_mall/b-miyoshi/cabinet/senkin/main/imgrc0102298868.jpg","https://hb.afl.rakuten.co.jp/hgc/g00qr907.5rcr0a9f.g00qr907.5rcr1aaa/?pc=https%3A%2F%2Fitem.rakuten.co.jp%2Fb-miyoshi%2Fsenkinmodern-ichi-720%2F&m=http%3A%2F%2Fm.rakuten.co.jp%2Fb-miyoshi%2Fi%2F10004732%2F&rafcid=wsc_i_is_1037626038883608117"
"sake-97","天狗舞 山廃仕込純米酒 1800ml石川県 車多酒造 日本酒","d61iqh4l","92zz4aui","3427","石川県 白山 車多酒造","https://thumbnail.image.rakuten.co.jp/@0_mall/higuchiwine/cabinet/ikou_20090901_002/img10302865980.jpg","https://hb.afl.rakuten.co.jp/hgc/g00pt667.5rcr0fe9.g00pt667.5rcr1c80/?pc=https%3A%2F%2Fitem.rakuten.co.jp%2Fhiguchiwine%2F885955%2F&m=http%3A%2F%2Fm.rakuten.co.jp%2Fhiguchiwine%2Fi%2F10001407%2F&rafcid=wsc_i_is_1037626038883608117"
"sake-98","【日本酒】 伯楽星 はくらくせい 3種飲み比べセット　究極の食中酒　容量720ml×3本　宮城県　新澤醸造店【ギフト】【お年賀】【お歳暮】【お中元】【プレゼント】 特別純米　純米吟醸　純米大吟醸 残響　父の日　お酒　愛宕の松　旅サラダプレミアム！","ebkyxp3y","inzuegmp","6457","【伯楽星】の人気銘柄3種呑み比べ 【特別純米】【純米吟醸】【純米大吟醸】 当店自慢のマイナス7度特注氷温庫管理","https://thumbnail.image.rakuten.co.jp/@0_mall/yanagiya-sake/cabinet/03892949/04190788/imgrc0074119863.jpg","https://hb.afl.rakuten.co.jp/hgc/g00rybc7.5rcr05da.g00rybc7.5rcr1c81/?pc=https%3A%2F%2Fitem.rakuten.co.jp%2Fyanagiya-sake%2F10000053%2F&m=http%3A%2F%2Fm.rakuten.co.jp%2Fyanagiya-sake%2Fi%2F10000058%2F&rafcid=wsc_i_is_1037626038883608117"
"sake-99","【ふるさと納税】富山 大和百貨店 選定 〈桝田酒造店〉満寿泉　純米吟醸酒2本入 720ml | ふるさと 納税 支援 富山県 富山市 返礼品 酒 お酒 日本酒 清酒 地酒 お取り寄せ ギフト プレゼント お土産 贈答品 純米吟醸酒 純米吟醸 家飲み 宅飲み 720 吟醸酒 720ml 吟醸","i6oln77d","nyj1pxoj","16000","富山市 ふるさと納税 株式会社 大和富山店","https://thumbnail.image.rakuten.co.jp/@0_mall/f162019-toyama/cabinet/frp_goods/frp001/6281140.jpg","https://hb.afl.rakuten.co.jp/hgc/g00tpqc7.5rcr0c49.g00tpqc7.5rcr127e/?pc=https%3A%2F%2Fitem.rakuten.co.jp%2Ff162019-toyama%2Fbt29-r%2F&m=http%3A%2F%2Fm.rakuten.co.jp%2Ff162019-toyama%2Fi%2F10000114%2F&rafcid=wsc_i_is_1037626038883608117"
"sake-100","【送料無料】雪の茅舎 飲みくらべ 3本セット 山廃純米 山廃純米吟醸 純米吟醸 1800mlx3本","z74ykp4z","og40okmb","10650","齋彌酒造 雪の茅舎 飲みくらべ セット日本酒 お歳暮 お中元 お年賀 酒 お祝い ギフト プレゼント 誕生日 贈り物 父の日 日本酒 バレンタインデー 秋田 地酒 【当店オススメ】","https://thumbnail.image.rakuten.co.jp/@0_mall/tomuta/cabinet/11108943/10000526.jpg","https://hb.afl.rakuten.co.jp/hgc/g00rypb7.5rcr0a58.g00rypb7.5rcr1f36/?pc=https%3A%2F%2Fitem.rakuten.co.jp%2Ftomuta%2F10000526%2F&m=http%3A%2F%2Fm.rakuten.co.jp%2Ftomuta%2Fi%2F10000526%2F&rafcid=wsc_i_is_1037626038883608117"
"sake-101","【日本酒ギフト箱入 彩】石鎚酒造 純米吟醸 緑ラベル槽しぼり ＆ 無濾過純米 槽しぼり 720ml","lsvlfre7","g59oidhe","3850","愛媛地酒飲みくらべセット","https://thumbnail.image.rakuten.co.jp/@0_mall/ehimekatayama/cabinet/esk/img60657227.jpg","https://hb.afl.rakuten.co.jp/hgc/g00rb5g7.5rcr0731.g00rb5g7.5rcr1202/?pc=https%3A%2F%2Fitem.rakuten.co.jp%2Fehimekatayama%2Fsetisiduti720%2F&m=http%3A%2F%2Fm.rakuten.co.jp%2Fehimekatayama%2Fi%2F10022903%2F&rafcid=wsc_i_is_1037626038883608117"
"sake-102","雨後の月　うごのつき　大吟醸　月光 720ml 　相原酒造　日本酒　御歳暮　売れ筋","574fvtg8","bxw7si4x","3300","人気の雨後の月の限定　大吟醸","https://thumbnail.image.rakuten.co.jp/@0_mall/enjoy-sake/cabinet/hirosima-sake/getukou4.jpg","https://hb.afl.rakuten.co.jp/hgc/g00qk967.5rcr03f7.g00qk967.5rcr1f43/?pc=https%3A%2F%2Fitem.rakuten.co.jp%2Fenjoy-sake%2F10001001%2F&m=http%3A%2F%2Fm.rakuten.co.jp%2Fenjoy-sake%2Fi%2F10001001%2F&rafcid=wsc_i_is_1037626038883608117"
"sake-103","【4品以上3％OFFクーポン】【ポイント1倍】亀泉　純米吟醸　CELー24　原酒　生酒　720ml【有吉さんの番組で紹介】【一番人気】【日本酒】【高知】【亀泉酒造】【CEL-24】【生原酒】","8oa4j4bh","3j4nil0k","2200","香り高く、酸味、甘酸っぱい味が特徴の土佐の地酒","https://thumbnail.image.rakuten.co.jp/@0_mall/kisaki-syuka/cabinet/02244395/imgrc0111412416.jpg","https://hb.afl.rakuten.co.jp/hgc/g00qmk77.5rcr02be.g00qmk77.5rcr1a25/?pc=https%3A%2F%2Fitem.rakuten.co.jp%2Fkisaki-syuka%2F10000345%2F&m=http%3A%2F%2Fm.rakuten.co.jp%2Fkisaki-syuka%2Fi%2F10000345%2F&rafcid=wsc_i_is_1037626038883608117"
"sake-104","川鶴(かわつる) 讃岐くらうでぃ 1800ml【香川県】【観音寺】【甘酸っぱい】【フルーティ】【低アルコール】【カルピスみたいに飲みやすい】【日本酒デビューにオススメ】","tircgh1m","dpoc5hvg","2860","フルーティでまろやかで甘酸っぱいお酒","https://thumbnail.image.rakuten.co.jp/@0_mall/auc-yumeikan/cabinet/imgrc0069364285.jpg","https://hb.afl.rakuten.co.jp/hgc/g00qism7.5rcr09a0.g00qism7.5rcr13ad/?pc=https%3A%2F%2Fitem.rakuten.co.jp%2Fauc-yumeikan%2F2437%2F&m=http%3A%2F%2Fm.rakuten.co.jp%2Fauc-yumeikan%2Fi%2F10001856%2F&rafcid=wsc_i_is_1037626038883608117"
"sake-105","雁木　純米吟醸　みずのわ　1800ml　八百新酒造　山口　日本酒","3xn066ol","qfp8a1zp","3850","今や山口県を代表する人気の蔵です","https://thumbnail.image.rakuten.co.jp/@0_mall/enjoy-sake/cabinet/zenkoku2/gangi2-14-13.jpg","https://hb.afl.rakuten.co.jp/hgc/g00qk967.5rcr03f7.g00qk967.5rcr1f43/?pc=https%3A%2F%2Fitem.rakuten.co.jp%2Fenjoy-sake%2F10000257%2F&m=http%3A%2F%2Fm.rakuten.co.jp%2Fenjoy-sake%2Fi%2F10000257%2F&rafcid=wsc_i_is_1037626038883608117"
"sake-106","土佐しらぎく 斬辛 ( ざんから ) 特別純米 八反錦 720ml / 高知県 仙頭酒造場【 3732 】【 日本酒 】【 母の日 父の日 贈り物 ギフト プレゼント 】","h6ujk47n","qbkqleza","1600","柑橘系の爽やかな香り、八反錦ならではの伸びやかな旨味と酸味！","https://thumbnail.image.rakuten.co.jp/@0_mall/yamasake/cabinet/seisyu/siragiku/imgrc0146644873.jpg","https://hb.afl.rakuten.co.jp/hgc/g00r7507.5rcr0da1.g00r7507.5rcr1f58/?pc=https%3A%2F%2Fitem.rakuten.co.jp%2Fyamasake%2F3732%2F&m=http%3A%2F%2Fm.rakuten.co.jp%2Fyamasake%2Fi%2F10009804%2F&rafcid=wsc_i_is_1037626038883608117"
"sake-107","文佳人 辛口純米 1800ml 【日本酒】【高知県 (株)アリサワ】","m2onhiqx","joys90gz","3410","クリアで綺麗な印象の辛口酒","https://thumbnail.image.rakuten.co.jp/@0_mall/tlsinfo/cabinet/802749.gif","https://hb.afl.rakuten.co.jp/hgc/g00qhht7.5rcr0461.g00qhht7.5rcr1b04/?pc=https%3A%2F%2Fitem.rakuten.co.jp%2Ftlsinfo%2F802749%2F&m=http%3A%2F%2Fm.rakuten.co.jp%2Ftlsinfo%2Fi%2F10002744%2F&rafcid=wsc_i_is_1037626038883608117"
"sake-108","日本酒 地酒 高知 濱川商店（浜川） 美丈夫 純麗 純米吟醸 720ml","t83r9cc7","2tjawanc","1749","ショップ オブ ザ イヤー 2024/2025 W受賞","https://thumbnail.image.rakuten.co.jp/@0_mall/manroku/cabinet/img002/0103hmk-bjb-jrei_1.jpg","https://hb.afl.rakuten.co.jp/hgc/g00rey17.5rcr0e9f.g00rey17.5rcr14b2/?pc=https%3A%2F%2Fitem.rakuten.co.jp%2Fmanroku%2F0103hmk-bjb-jrei%2F&m=http%3A%2F%2Fm.rakuten.co.jp%2Fmanroku%2Fi%2F10001050%2F&rafcid=wsc_i_is_1037626038883608117"
"sake-109","富久長クラマスターセット 【日本酒/今田酒造本店/ギフト】【純米吟醸 八反草/純米 海風土】【ギフト お誕生日 内祝 父の日 退職 御中元 クリスマス 御歳暮 御年賀】","yiarjg6n","mbe8ugoo","4400","フランスKURA MASTER2018プラチナ賞を2本セットで。","https://thumbnail.image.rakuten.co.jp/@0_mall/sakayainoue/cabinet/03313565/imgrc0083290676.jpg","https://hb.afl.rakuten.co.jp/hgc/g00rqje7.5rcr0def.g00rqje7.5rcr1752/?pc=https%3A%2F%2Fitem.rakuten.co.jp%2Fsakayainoue%2F1610000022309%2F&m=http%3A%2F%2Fm.rakuten.co.jp%2Fsakayainoue%2Fi%2F10001155%2F&rafcid=wsc_i_is_1037626038883608117"
"sake-110","山に雲が ザアアザアア SWEET スイート 純米大吟醸 720ml【日本酒/川澤酒造/やまにくもが】","ihvppvct","ljhs2bqf","2915","香りリッチ、味わいスイート、余韻スマート","https://thumbnail.image.rakuten.co.jp/@0_mall/sakayainoue/cabinet/nihonsyu/imgrc0126132630.jpg","https://hb.afl.rakuten.co.jp/hgc/g00rqje7.5rcr0def.g00rqje7.5rcr1752/?pc=https%3A%2F%2Fitem.rakuten.co.jp%2Fsakayainoue%2F4595057829156%2F&m=http%3A%2F%2Fm.rakuten.co.jp%2Fsakayainoue%2Fi%2F10002241%2F&rafcid=wsc_i_is_1037626038883608117"
"sake-111","【ふるさと納税】【千曲錦酒造】日本酒720ml×6本　純米酒飲み比べセット（3銘柄×各2本）信州 長野 佐久 地酒 晩酌 ギフト 贈答 贈り物 純米吟醸 純米 清酒 お酒 詰め合わせ 蔵元直送 日本酒セット（北海道・沖縄県・離島は配送不可）","wiq09ygm","rbt87ntx","34000","【長野県佐久市】 信州の名水 浅間山系伏流水と信州産の米そして信州人蔵人の情熱が こだわりある地酒を","https://thumbnail.image.rakuten.co.jp/@0_mall/f202177-saku/cabinet/henreihin/161-3012-007.jpg","https://hb.afl.rakuten.co.jp/hgc/g00t6ix7.5rcr06d6.g00t6ix7.5rcr1eec/?pc=https%3A%2F%2Fitem.rakuten.co.jp%2Ff202177-saku%2F161-3012-007%2F&m=http%3A%2F%2Fm.rakuten.co.jp%2Ff202177-saku%2Fi%2F10001375%2F&rafcid=wsc_i_is_1037626038883608117"
"sake-112","【日本酒】雨降　桃色純米　かすみさけ　720ml","pxf9qhe0","0e49j5bq","2250","蔵元コメント 『甘酸っぱさと低アルコール。可憐な桃色純米・かすみさけ』 雨上がりの可憐な桃園をイメージしたかすみさけです。 まるで艶やかな果実のように、ひとを陶然とさせる美しい桃色。 しぼりたての果汁","https://thumbnail.image.rakuten.co.jp/@0_mall/sake-akiyama/cabinet/shohin/11464058/imgrc0107938077.jpg","https://hb.afl.rakuten.co.jp/hgc/g00sqft7.5rcr0e16.g00sqft7.5rcr167e/?pc=https%3A%2F%2Fitem.rakuten.co.jp%2Fsake-akiyama%2Fafuri_momoiro_j_kasumi_720%2F&m=http%3A%2F%2Fm.rakuten.co.jp%2Fsake-akiyama%2Fi%2F10002605%2F&rafcid=wsc_i_is_1037626038883608117"
"sake-113","日本酒 五十嵐 純米吟醸 きたしずく 無濾過生原酒 直汲み 720ml R7BY （五十嵐酒造/埼玉） いがらし 埼玉の酒 奥武蔵の地酒","9c8l30gq","a3iws48l","1950","今期は華やかな香りを纏って登場！透明感のある柔らかな酒質！","https://thumbnail.image.rakuten.co.jp/@0_mall/mizusinsaketen/cabinet/shohin/igarashi-shohin/imgrc0096969532.jpg","https://hb.afl.rakuten.co.jp/hgc/g00sq9g7.5rcr088e.g00sq9g7.5rcr1e01/?pc=https%3A%2F%2Fitem.rakuten.co.jp%2Fmizusinsaketen%2F17100110%2F&m=http%3A%2F%2Fm.rakuten.co.jp%2Fmizusinsaketen%2Fi%2F10000690%2F&rafcid=wsc_i_is_1037626038883608117"
"sake-114","尾瀬の雪どけ 純米大吟醸 桃色にごり 生酒 720ml 【クール便限定商品】※ギフト包装不可※ 日本酒 春 お花見 花見 母の日 入学祝い 就職祝い 手土産 贈り物 プレゼント あす楽 ギフト のし 贈答品 お祝 御祝 誕生日 内祝 還暦祝い 結婚祝い 出産祝い お酒 就職祝 退職祝","gzp91ez3","f6ls95wu","3355","群馬県 龍神酒造 酒 家飲み 御歳暮 お歳暮 贈り物 飲み比べ お返し 御礼 御祝 熨斗 プレゼント 人気 高級 龍神 りゅうじん","https://thumbnail.image.rakuten.co.jp/@0_mall/mighty-liquors/cabinet/matched_folder_2/sa096104.jpg","https://hb.afl.rakuten.co.jp/hgc/g00rrxb7.5rcr06a4.g00rrxb7.5rcr1993/?pc=https%3A%2F%2Fitem.rakuten.co.jp%2Fmighty-liquors%2F10001475%2F&m=http%3A%2F%2Fm.rakuten.co.jp%2Fmighty-liquors%2Fi%2F10001475%2F&rafcid=wsc_i_is_1037626038883608117"
"sake-115","【日本酒】甲子（きのえね）3種飲み比べセット（純米吟醸はなやか匠の香、純米やわらか地の恵、純米うまから磨き八割）飯沼本家（千葉県 お歳暮 御歳暮 お酒 お歳暮 御歳暮 グルメ プレゼント お土産 贈答用 還暦 誕生日 記念品 退職祝い 結婚祝い 送料無料）","rllhqjhu","tb2hq2z9","5980","酒 ギフト プレゼント 送料無料","https://thumbnail.image.rakuten.co.jp/@0_mall/chibasake/cabinet/items1628224668/main.jpg","https://hb.afl.rakuten.co.jp/hgc/g00u0k27.5rcr031c.g00u0k27.5rcr1078/?pc=https%3A%2F%2Fitem.rakuten.co.jp%2Fchibasake%2Fv_43182903558377%2F&m=http%3A%2F%2Fm.rakuten.co.jp%2Fchibasake%2Fi%2F10000581%2F&rafcid=wsc_i_is_1037626038883608117"
"sake-116","彩來 ( さら ) 純米吟醸 生詰 720ml / 埼玉県 北西酒造【 5775 】【 日本酒 】【 要冷蔵 】【 母の日 父の日 贈り物 ギフト プレゼント 】","u43t7x1a","3j3vtkwz","1870","人気日本酒 彩来 さいたま 無ろ過 sara フレッシュ 埼玉日本酒 美味しい日本酒 無濾過 生詰め 地酒 おすすめ日本酒 純米吟醸 純吟 埼玉県 SAKE","https://thumbnail.image.rakuten.co.jp/@0_mall/yamasake/cabinet/seisyu/sara/sara_5775_01.jpg","https://hb.afl.rakuten.co.jp/hgc/g00r7507.5rcr0da1.g00r7507.5rcr1f58/?pc=https%3A%2F%2Fitem.rakuten.co.jp%2Fyamasake%2F5775%2F&m=http%3A%2F%2Fm.rakuten.co.jp%2Fyamasake%2Fi%2F10008160%2F&rafcid=wsc_i_is_1037626038883608117"
"sake-117","【日本酒】東魁盛(とうかいざかり) 3種飲み比べ 大吟醸、きみさらず、八犬伝 小泉酒造 富津市（千葉県 お歳暮 御歳暮 お酒 グルメ プレゼント お土産 贈答用 誕生日 送料無料）","mx1ra6ut","8zfz38og","8650","酒 ギフト プレゼント 送料無料","https://thumbnail.image.rakuten.co.jp/@0_mall/chibasake/cabinet/items1628224674/imgrc0101941644.jpg","https://hb.afl.rakuten.co.jp/hgc/g00u0k27.5rcr031c.g00u0k27.5rcr1078/?pc=https%3A%2F%2Fitem.rakuten.co.jp%2Fchibasake%2Fv_43233820377321%2F&m=http%3A%2F%2Fm.rakuten.co.jp%2Fchibasake%2Fi%2F10000586%2F&rafcid=wsc_i_is_1037626038883608117"
"sake-118","聖（ひじり） 純米吟醸 渡舟 GOTH 生 群馬県（聖酒造）【720ml／1800ml】［日本酒／上品な米の旨み／心地良い後味］","lsxp61w4","7ml534cx","1980","群馬の人気地酒『聖』の 滋賀県産「渡舟」を使って醸された 純米吟醸生酒です。 フレッシュでピチピチとしたガス感、 メロンやパインを思わせる甘い香り、 ジューシーな味わいで クリームのような柔らかな甘味","https://thumbnail.image.rakuten.co.jp/@0_mall/jizake-watanabe/cabinet/06300917/06334577/imgrc0114650764.jpg","https://hb.afl.rakuten.co.jp/hgc/g00q1bu7.5rcr0f00.g00q1bu7.5rcr15d4/?pc=https%3A%2F%2Fitem.rakuten.co.jp%2Fjizake-watanabe%2Fhijiri-jg-goth-1800%2F&m=http%3A%2F%2Fm.rakuten.co.jp%2Fjizake-watanabe%2Fi%2F10013154%2F&rafcid=wsc_i_is_1037626038883608117"
"sake-119","＼正規販売店／ 望 bo 美山錦 特別純米無濾過生原酒 720ml 日本酒 お酒 酒 SAKE 栃木県 外池酒造店 美好屋酒店 有名 人気 飲みやすい ギフト プレゼント お祝い 贈り物 誕生日 退職祝い 結婚祝い 還暦祝い 内祝い 手土産","ookvv4yk","bo","1854","望 bo 美山錦 特別純米無濾過生原酒 720ml 日本酒 お酒 酒 SAKE 栃木県 外池酒造店 美好屋酒店 有名 人気 飲みやすい ギフト プレゼント お祝い 贈り物 誕生日 退職祝い 結婚祝い","https://thumbnail.image.rakuten.co.jp/@0_mall/b-miyoshi/cabinet/bou/main/bo_miyama_720main.jpg","https://hb.afl.rakuten.co.jp/hgc/g00qr907.5rcr0a9f.g00qr907.5rcr1aaa/?pc=https%3A%2F%2Fitem.rakuten.co.jp%2Fb-miyoshi%2Fbou-miyamanishiki-720%2F&m=http%3A%2F%2Fm.rakuten.co.jp%2Fb-miyoshi%2Fi%2F10004078%2F&rafcid=wsc_i_is_1037626038883608117"
"sake-120","町田酒造 特別純米55 美山錦 直汲み 生酒 群馬県（町田酒造店）【720ml／1800ml】［日本酒／超フレッシュ！／ガス感あり］※お一人様各サイズ1本まで","ckn9726m","bf3znvy0","3410","群馬県の大人気銘柄『町田酒造』の 「美山錦」を使った特別純米酒です。 マスカット系の 甘みを感じさせる嫌味のない爽やかな香り。 口に含むと軽いガス感の奥に、 米の旨みが顔を出してきます。 なお、非常に","https://thumbnail.image.rakuten.co.jp/@0_mall/jizake-watanabe/cabinet/06300917/06300930/imgrc0105633872.jpg","https://hb.afl.rakuten.co.jp/hgc/g00q1bu7.5rcr0f00.g00q1bu7.5rcr15d4/?pc=https%3A%2F%2Fitem.rakuten.co.jp%2Fjizake-watanabe%2F10008984%2F&m=http%3A%2F%2Fm.rakuten.co.jp%2Fjizake-watanabe%2Fi%2F10008984%2F&rafcid=wsc_i_is_1037626038883608117"
"sake-121","日本酒福袋 720ml×4本セット 第32弾 限定60セット十四代 が入ってるかも? 獺祭 飛露喜 くじ 予約 2026/4/24i以降発送予定 虎S","7milbf4y","8bjv4vfs","11000","十四代が入っているかも！確率1/10で特賞！","https://thumbnail.image.rakuten.co.jp/@0_mall/izumise/cabinet/rakuten74/019709n32.jpg","https://hb.afl.rakuten.co.jp/hgc/g00thx87.5rcr0967.g00thx87.5rcr1527/?pc=https%3A%2F%2Fitem.rakuten.co.jp%2Fizumise%2F019709%2F&m=http%3A%2F%2Fm.rakuten.co.jp%2Fizumise%2Fi%2F10004258%2F&rafcid=wsc_i_is_1037626038883608117"
"sake-122","【ふるさと納税】【容量選択可】出雲富士　純米吟醸・純米　720ml 1800ml 2本 セット | 出雲杜氏の伝統の吟醸造りで吟醸の心躍る香りと、米の旨味を追求した、晴れの和食に献げる純米吟醸。島根県産山田錦の上質で柔らかな旨味を優しく醸し出した純米酒","aghkdmyd","rk749gyb","14000","出雲杜氏の伝統の吟醸造りで吟醸の心躍る香りと、米の旨味を追求した、晴れの和食に献げる純米吟醸。島根県産山田錦の上質で柔らかな旨味を優しく醸し出した純米酒","https://thumbnail.image.rakuten.co.jp/@0_mall/f322032-izumo/cabinet/09110624/09892161/imgrc0084882649.jpg","https://hb.afl.rakuten.co.jp/hgc/g00u29u7.5rcr0781.g00u29u7.5rcr12a3/?pc=https%3A%2F%2Fitem.rakuten.co.jp%2Ff322032-izumo%2F1-070%2F&m=http%3A%2F%2Fm.rakuten.co.jp%2Ff322032-izumo%2Fi%2F10000206%2F&rafcid=wsc_i_is_1037626038883608117"
"sake-123","【ふるさと納税】加茂の地酒Bセット（マスカガミ、加茂錦、雪椿）720ml×3本 萬寿鏡 加茂錦 雪椿 各蔵元の人気銘柄を飲み比べ 日本酒 新潟の酒 贈答 加茂市 マルダイ有本","hon3dypb","l9ecu51a","23000","日本一の酒処・新潟にある加茂市の蔵元から、人気の銘柄を揃えた豪華セット。","https://thumbnail.image.rakuten.co.jp/@0_mall/f152099-kamo/cabinet/0049/0049-008-02.jpg","https://hb.afl.rakuten.co.jp/hgc/g00ti0d7.5rcr0c1a.g00ti0d7.5rcr1209/?pc=https%3A%2F%2Fitem.rakuten.co.jp%2Ff152099-kamo%2F26330444%2F&m=http%3A%2F%2Fm.rakuten.co.jp%2Ff152099-kamo%2Fi%2F10000448%2F&rafcid=wsc_i_is_1037626038883608117"
"sake-124","【おいしい日本酒】720ml 末広 玄宰 全国新酒鑑評会金賞 吟醸 箱付 常温発送 会津末廣酒造の日本酒 (福島県)","7r8cxnpg","xbndtl7l","5750","インターナショナル・サケ・チャレンジ トロフィー賞受賞の逸品ギフト包装・のし紙・リボン掛け・メッセージカード可","https://thumbnail.image.rakuten.co.jp/@0_mall/hamadaya/cabinet/irha/1107su/1107_026.jpg","https://hb.afl.rakuten.co.jp/hgc/g00qtdp7.5rcr0217.g00qtdp7.5rcr16d7/?pc=https%3A%2F%2Fitem.rakuten.co.jp%2Fhamadaya%2F1803160854%2F&m=http%3A%2F%2Fm.rakuten.co.jp%2Fhamadaya%2Fi%2F10002350%2F&rafcid=wsc_i_is_1037626038883608117"
"sake-125","日本酒 地酒 鹿児島 西酒造 天賦 純米吟醸 15度 720ml","axw933je","yct0xwcs","2442","ショップ オブ ザ イヤー 2024/2025 W受賞","https://thumbnail.image.rakuten.co.jp/@0_mall/manroku/cabinet/img092/0103nis-ten02_1.jpg","https://hb.afl.rakuten.co.jp/hgc/g00rey17.5rcr0e9f.g00rey17.5rcr14b2/?pc=https%3A%2F%2Fitem.rakuten.co.jp%2Fmanroku%2F0103nis-ten02%2F&m=http%3A%2F%2Fm.rakuten.co.jp%2Fmanroku%2Fi%2F10005137%2F&rafcid=wsc_i_is_1037626038883608117"
"sake-126","東洋美人 とうようびじん 純米吟醸 50 1800ml 日本酒 お酒 父の日 お中元 ギフト プレゼント 家飲み 晩酌用 ご褒美酒 小野酒店","h15271cd","r3zywmkm","2750","飲み方・食中酒としても幅広く楽しめる超万能な定番純米吟醸酒「東洋美人」","https://thumbnail.image.rakuten.co.jp/@0_mall/ono-sake/cabinet/00958694/07749746/touyou50.jpg","https://hb.afl.rakuten.co.jp/hgc/g00qjbz7.5rcr03f7.g00qjbz7.5rcr146f/?pc=https%3A%2F%2Fitem.rakuten.co.jp%2Fono-sake%2Ftouyoubijin-jungin50-1800%2F&m=http%3A%2F%2Fm.rakuten.co.jp%2Fono-sake%2Fi%2F10002853%2F&rafcid=wsc_i_is_1037626038883608117"
"sake-127","【ふるさと納税】【鳳凰美田】純米大吟醸 山田錦五割磨き 1800ml×1本 ｜ お酒 さけ 日本酒 地酒 純米 大吟醸 フルーティ 人気 ギフト 小林酒造 栃木 | お酒 さけ 人気 おすすめ 送料無料 ギフト","8jl33zkd","umlzchdt","14000","栃木市 ふるさと納税 おおわだ酒店","https://thumbnail.image.rakuten.co.jp/@0_mall/f092037-tochigi/cabinet/frp_goods/frp006/20613112.jpg","https://hb.afl.rakuten.co.jp/hgc/g00t53f7.5rcr04f1.g00t53f7.5rcr10af/?pc=https%3A%2F%2Fitem.rakuten.co.jp%2Ff092037-tochigi%2Fcl1009%2F&m=http%3A%2F%2Fm.rakuten.co.jp%2Ff092037-tochigi%2Fi%2F10003314%2F&rafcid=wsc_i_is_1037626038883608117"
"sake-128","宝剣　純米酒　超辛口　赤ラベル　宝剣酒造　720ml","zp8vatkg","1gvuc7dw","1694","お酒　日本酒　広島県　贈答用　ギフト　地酒　父の日","https://thumbnail.image.rakuten.co.jp/@0_mall/fukazawap-sake/cabinet/imgrc0110349585.jpg","https://hb.afl.rakuten.co.jp/hgc/g00s8e67.5rcr041d.g00s8e67.5rcr1fb4/?pc=https%3A%2F%2Fitem.rakuten.co.jp%2Ffukazawap-sake%2Fhouken_choukara_h_720%2F&m=http%3A%2F%2Fm.rakuten.co.jp%2Ffukazawap-sake%2Fi%2F10000665%2F&rafcid=wsc_i_is_1037626038883608117"
"sake-129","【日本酒】孝の司　720ml　定番2種飲み比べ　神水　心カラセヨ　720ml×2本　柴田酒造　愛知県　赤武　雅楽代　みむろ杉　につぐ当店大人気　若手注目蔵元　dancyu掲載","816hgple","iumkpkes","3880","当店大人気の超軟水仕込みの孝の司定番酒飲み比べ","https://thumbnail.image.rakuten.co.jp/@0_mall/yanagiya-sake/cabinet/03892949/04190788/imgrc0123991239.jpg","https://hb.afl.rakuten.co.jp/hgc/g00rybc7.5rcr05da.g00rybc7.5rcr1c81/?pc=https%3A%2F%2Fitem.rakuten.co.jp%2Fyanagiya-sake%2F10000252%2F&m=http%3A%2F%2Fm.rakuten.co.jp%2Fyanagiya-sake%2Fi%2F10000275%2F&rafcid=wsc_i_is_1037626038883608117"
"sake-130","純米大吟醸 よこやま GOLD 箱入り 720ml日本酒 大吟醸 フルーティー 甘口 純米大吟醸酒 甘口日本酒 祝い酒 長崎県 山田錦 フルーティーな日本酒 美味しいお酒 九州 横山 冷酒 美味しい日本酒 高級 酒 母の日 お酒好き お 酒好き プレゼント 男性 お酒好き ギフト 贈り物","inta1zjl","7f1ysxuk","3740","＼約30年ぶり！壱岐島で日本酒が誕生／数量限定 山田錦 麹40% 掛け米40%まで磨き、新蔵で製造した記念酒長崎 日本酒 好き 退職祝い 定年退職 古希 父親 誕生日プレゼント お祝い","https://thumbnail.image.rakuten.co.jp/@0_mall/tenkagomen/cabinet/07937212/goid72.jpg","https://hb.afl.rakuten.co.jp/hgc/g00pvlf7.5rcr01a3.g00pvlf7.5rcr1cae/?pc=https%3A%2F%2Fitem.rakuten.co.jp%2Ftenkagomen%2F13880560-024%2F&m=http%3A%2F%2Fm.rakuten.co.jp%2Ftenkagomen%2Fi%2F10002917%2F&rafcid=wsc_i_is_1037626038883608117"