URL,前回のクロール
https://nom2.jp/recommend/ichigo,2026-05-02
https://nom2.jp/nihonshu/r0FaLI7w,2026-05-02
https://nom2.jp/nihonshu/7jgxk0p_,2026-05-02
https://nom2.jp/nihonshu/Qoddc1OL,2026-05-02
https://nom2.jp/nihonshu/D1JWGKl9,2026-05-02
https://nom2.jp/nihonshu/qYDKfaze,2026-05-02
https://nom2.jp/brewery/iwanoi-iwate,2026-05-02
https://nom2.jp/brewery/komori,2026-05-02
https://nom2.jp/nihonshu/6PBgvwEX,2026-05-02
https://nom2.jp/nihonshu/L-kRK2w7,2026-05-02
https://nom2.jp/brewery/H1NJS7zb,2026-05-02
https://nom2.jp/nihonshu/QYjmJH7u,2026-05-01
https://nom2.jp/sake-reco,2026-05-01
https://nom2.jp/brewery/(公式サイトなし),2026-05-01
https://nom2.jp/nihonshu/Oz5xHZw_,2026-05-01
https://nom2.jp/news/news02,2026-05-01
https://nom2.jp/brewery/hiyamizu,2026-05-01
https://nom2.jp/brewery/nagayamahonkeshuzojo,2026-05-01
https://nom2.jp/nihonshu/YVSEgJW3,2026-04-29
https://nom2.jp/nihonshu/PnxXluaW,2026-04-28
https://nom2.jp/nihonshu/rJYyJiAl,2026-04-25
https://nom2.jp/nihonshu/ECtlGH7L,2026-04-25
https://nom2.jp/event/vol03,2026-04-25
https://nom2.jp/nihonshu/GUCbSl0t,2026-04-25
https://nom2.jp/en,2026-04-21
https://nom2.jp/posts/OuHuVCuy,2026-02-12
https://nom2.jp/posts/Xqtesql-,2026-02-12
https://nom2.jp/posts/VYU0-H1U,2026-02-10
https://nom2.jp/brewery/brand/echigonagaokahan,2025-12-21
https://nom2.jp/brewery/brand/narumijozoten,2025-12-16
https://nom2.jp/brewery/brand/tanakaya,2025-12-16
https://nom2.jp/brewery/brand/chikumanishiki,2025-12-16
https://nom2.jp/brewery/brand/tsukasabotan,2025-11-15
https://nom2.jp/brewery/brand/kikuhime,2025-11-15