id,name,content,imageUrl,oldId
tabibar,TABI BAR & CAFE SUZUVEL,"TABI BAR & CAFE SUZUVEL  
<h2 style=""margin-bottom: 1.5em; line-height: 1.8;"">TABI BAR & CAFE SUZUVEL</h2>
<p style=""margin-bottom: 1.5em; line-height: 1.8;"">住所</p>
<p style=""margin-bottom: 1.5em; line-height: 1.8;"">〒950-0086 新潟県新潟市中央区花園１丁目96−４７ CoCoLo新潟 メッツ館 １F</p>
<iframe src=""https://ypqrd0nkw5.studioiframesandbox.com/"" style=""width:100%; height:400px; max-width:600px; border:none; margin-bottom:1.5em;"" scrolling=""no""></iframe>
<p style=""margin-bottom: 1.5em; line-height: 1.8;"">電話番号</p>
<p style=""margin-bottom: 1.5em; line-height: 1.8;"">025-282-7613</p>
<p style=""margin-bottom: 1.5em; line-height: 1.8;"">営業時間</p>
<p style=""margin-bottom: 1.5em; line-height: 1.8;"">07:00 - 23:00</p>
<p style=""margin-bottom: 1.5em; line-height: 1.8;"">定休日</p>
<p style=""margin-bottom: 1.5em; line-height: 1.8;"">不定期</p>
<p style=""margin-bottom: 1.5em; line-height: 1.8;"">公式サイト</p>
<p style=""margin-bottom: 1.5em; line-height: 1.8;"">http://suzugroup.com/tabibar</p>
<h1 style=""margin-bottom: 1.5em; line-height: 1.8;"">酒蔵について</h1>
<p style=""margin-bottom: 1.5em; line-height: 1.8;"">TABIBARは、2019年に新潟駅改札階にオープンした「食の観光案内所」として、新潟の玄関口で人々を迎え入れる特別なスポットです。立ち飲みスタイルで、日本酒や新潟ワイン、クラフトビールなど200種類以上のドリンクを楽しみながら、スタッフや他のお客様との自然な会話が弾むフレンドリーな空間が特徴です。新潟の食文化や観光案内、宿泊先の相談まで対応する「新潟愛」溢れるスタッフによるパーソナルなサービスが魅力で、名物店主「くぼケン」さんの接客も人気です！<br/><br/>コロナ禍では、YouTube配信を通じて新潟の魅力を発信。全100回にわたる配信がきっかけで、オンラインとリアルを繋ぐ新しいスタイルが確立されました。2023年には「Niigata Food Campus SUZUVEL&TABIBAR」として移転リニューアル。観光案内所とレストランが融合した自由な空間で、お酒や料理を通じて新潟を体験できる場となっています。「旅場（たびば）」という名の通り、旅人と地元を繋ぐ温かい場所です。</p>
<h1 style=""margin-bottom: 1.5em; line-height: 1.8;"">商品一覧</h1>
<a href=""https://nom2.jp/nihonshu/KOIL-s8C"" target=""_blank"" style=""color:#2563eb; text-decoration:underline;""><p style=""margin-bottom: 1.5em; line-height: 1.8;"">59Takachiyo</p>
<ul style=""margin-bottom: 1.5em; width: 100%; border-collapse: collapse;""><li data-s-8813ee6a-3ad9-4e4d-b9ac-9f1d866c6ed4="""" ><p data-s-0a7e021e-f2cc-4970-bc5c-db92e1995b48="""" data-r-0_0_0_1_1_0_3_1_1_1_0a7e021e-f2cc-4970-bc5c-db92e1995b48="""" >純米吟醸酒</p></li></ul>
<p style=""margin-bottom: 1.5em; line-height: 1.8;"">59Takachiyo CHAPTER 15 ...</p>
<p style=""margin-bottom: 1.5em; line-height: 1.8;"">¥ 1,870 (参考価格)</p></a><a href=""https://nom2.jp/nihonshu/N24wodo0"" target=""_blank"" style=""color:#2563eb; text-decoration:underline;""><p style=""margin-bottom: 1.5em; line-height: 1.8;"">あべ（ABE）</p>
<ul style=""margin-bottom: 1.5em; width: 100%; border-collapse: collapse;""><li data-s-8813ee6a-3ad9-4e4d-b9ac-9f1d866c6ed4="""" ><p data-s-0a7e021e-f2cc-4970-bc5c-db92e1995b48="""" data-r-0_0_0_1_1_1_3_1_1_1_0a7e021e-f2cc-4970-bc5c-db92e1995b48="""" >ブレンド酒</p></li></ul>
<p style=""margin-bottom: 1.5em; line-height: 1.8;"">あべ＋（プラス）</p>
<p style=""margin-bottom: 1.5em; line-height: 1.8;"">¥ 2,420 (参考価格)</p></a><a href=""https://nom2.jp/nihonshu/PnxXluaW"" target=""_blank"" style=""color:#2563eb; text-decoration:underline;""><p style=""margin-bottom: 1.5em; line-height: 1.8;"">雅楽代（UTASHIRO）</p>
<ul style=""margin-bottom: 1.5em; width: 100%; border-collapse: collapse;""></ul>
<p style=""margin-bottom: 1.5em; line-height: 1.8;"">雅楽代（うたしろ）　雪下　生原酒　にごり</p>
<p style=""margin-bottom: 1.5em; line-height: 1.8;"">¥ 3850 (参考価格)</p></a><a href=""https://nom2.jp/nihonshu/bJScld8e"" target=""_blank"" style=""color:#2563eb; text-decoration:underline;""><p style=""margin-bottom: 1.5em; line-height: 1.8;"">翔空（SHOKU）</p>
<ul style=""margin-bottom: 1.5em; width: 100%; border-collapse: collapse;""><li data-s-8813ee6a-3ad9-4e4d-b9ac-9f1d866c6ed4="""" ><p data-s-0a7e021e-f2cc-4970-bc5c-db92e1995b48="""" data-r-0_0_0_1_1_3_3_1_1_1_0a7e021e-f2cc-4970-bc5c-db92e1995b48="""" >クラフトSAKE</p></li></ul>
<p style=""margin-bottom: 1.5em; line-height: 1.8;"">翔空（しょうくう） サンサン澄み酒</p>
<p style=""margin-bottom: 1.5em; line-height: 1.8;"">¥ 2,860 (参考価格)</p></a><a href=""https://nom2.jp/nihonshu/49XW6nSN"" target=""_blank"" style=""color:#2563eb; text-decoration:underline;""><p style=""margin-bottom: 1.5em; line-height: 1.8;"">あべ（ABE）</p>
<ul style=""margin-bottom: 1.5em; width: 100%; border-collapse: collapse;""><li data-s-8813ee6a-3ad9-4e4d-b9ac-9f1d866c6ed4="""" ><p data-s-0a7e021e-f2cc-4970-bc5c-db92e1995b48="""" data-r-0_0_0_1_1_4_3_1_1_1_0a7e021e-f2cc-4970-bc5c-db92e1995b48="""" >純米酒</p></li></ul>
<p style=""margin-bottom: 1.5em; line-height: 1.8;"">あべ REGULUS 火入 2023</p>
<p style=""margin-bottom: 1.5em; line-height: 1.8;"">¥ 2,310 (参考価格)</p></a><a href=""https://nom2.jp/nihonshu/vGRpT-Q8"" target=""_blank"" style=""color:#2563eb; text-decoration:underline;""><ul style=""margin-bottom: 1.5em; width: 100%; border-collapse: collapse;""><li data-s-8813ee6a-3ad9-4e4d-b9ac-9f1d866c6ed4="""" ><p data-s-0a7e021e-f2cc-4970-bc5c-db92e1995b48="""" data-r-0_0_0_1_1_5_3_1_1_1_0a7e021e-f2cc-4970-bc5c-db92e1995b48="""" >純米酒</p></li></ul>
<p style=""margin-bottom: 1.5em; line-height: 1.8;"">八海山 唎酒 591</p>
<p style=""margin-bottom: 1.5em; line-height: 1.8;"">¥ 3,500 (参考価格)</p></a><a href=""https://nom2.jp/nihonshu/vXsv809H"" target=""_blank"" style=""color:#2563eb; text-decoration:underline;""><p style=""margin-bottom: 1.5em; line-height: 1.8;"">あべ（ABE）</p>
<ul style=""margin-bottom: 1.5em; width: 100%; border-collapse: collapse;""><li data-s-8813ee6a-3ad9-4e4d-b9ac-9f1d866c6ed4="""" ><p data-s-0a7e021e-f2cc-4970-bc5c-db92e1995b48="""" data-r-0_0_0_1_1_6_3_1_1_1_0a7e021e-f2cc-4970-bc5c-db92e1995b48="""" >スパークリング</p></li></ul>
<p style=""margin-bottom: 1.5em; line-height: 1.8;"">あべ 俺たちの酒 春陽スパークリング</p>
<p style=""margin-bottom: 1.5em; line-height: 1.8;"">¥ 2,273 (参考価格)</p></a><a href=""https://nom2.jp/nihonshu/q04jDYlv"" target=""_blank"" style=""color:#2563eb; text-decoration:underline;""><p style=""margin-bottom: 1.5em; line-height: 1.8;"">雅楽代（UTASHIRO）</p>
<ul style=""margin-bottom: 1.5em; width: 100%; border-collapse: collapse;""><li data-s-8813ee6a-3ad9-4e4d-b9ac-9f1d866c6ed4="""" ><p data-s-0a7e021e-f2cc-4970-bc5c-db92e1995b48="""" data-r-0_0_0_1_1_7_3_1_1_1_0a7e021e-f2cc-4970-bc5c-db92e1995b48="""" >純米酒</p></li></ul>
<p style=""margin-bottom: 1.5em; line-height: 1.8;"">雅楽代 試験醸造1401</p>
<p style=""margin-bottom: 1.5em; line-height: 1.8;"">¥ 1,760 (参考価格)</p></a><a href=""https://nom2.jp/nihonshu/-rAmBriE"" target=""_blank"" style=""color:#2563eb; text-decoration:underline;""><p style=""margin-bottom: 1.5em; line-height: 1.8;"">天領盃（TENRYOHAI）</p>
<ul style=""margin-bottom: 1.5em; width: 100%; border-collapse: collapse;""><li data-s-8813ee6a-3ad9-4e4d-b9ac-9f1d866c6ed4="""" ><p data-s-0a7e021e-f2cc-4970-bc5c-db92e1995b48="""" data-r-0_0_0_1_1_8_3_1_1_1_0a7e021e-f2cc-4970-bc5c-db92e1995b48="""" >純米吟醸酒</p></li></ul>
<p style=""margin-bottom: 1.5em; line-height: 1.8;"">天領盃　純米吟醸 しぼりたて生原酒</p>
<p style=""margin-bottom: 1.5em; line-height: 1.8;"">¥ 1,650 (参考価格)</p></a><a href=""https://nom2.jp/nihonshu/ljIB1dj-"" target=""_blank"" style=""color:#2563eb; text-decoration:underline;""><p style=""margin-bottom: 1.5em; line-height: 1.8;"">雅楽代（UTASHIRO）</p>
<ul style=""margin-bottom: 1.5em; width: 100%; border-collapse: collapse;""><li data-s-8813ee6a-3ad9-4e4d-b9ac-9f1d866c6ed4="""" ><p data-s-0a7e021e-f2cc-4970-bc5c-db92e1995b48="""" data-r-0_0_0_1_1_9_3_1_1_1_0a7e021e-f2cc-4970-bc5c-db92e1995b48="""" >純米吟醸酒</p></li></ul>
<p style=""margin-bottom: 1.5em; line-height: 1.8;"">雅楽代 月華 火入（純米吟醸）</p>
<p style=""margin-bottom: 1.5em; line-height: 1.8;"">¥ 1,760 (参考価格)</p></a><a href=""https://nom2.jp/nihonshu/7IOobfM_"" target=""_blank"" style=""color:#2563eb; text-decoration:underline;""><p style=""margin-bottom: 1.5em; line-height: 1.8;"">翔空（SHOKU）</p>
<ul style=""margin-bottom: 1.5em; width: 100%; border-collapse: collapse;""><li data-s-8813ee6a-3ad9-4e4d-b9ac-9f1d866c6ed4="""" ><p data-s-0a7e021e-f2cc-4970-bc5c-db92e1995b48="""" data-r-0_0_0_1_1_10_3_1_1_1_0a7e021e-f2cc-4970-bc5c-db92e1995b48="""" >クラフトSAKE</p></li></ul>
<p style=""margin-bottom: 1.5em; line-height: 1.8;"">翔空　森のSAKE　〜クロモジ澄み酒〜</p>
<p style=""margin-bottom: 1.5em; line-height: 1.8;"">¥ 2,640 (参考価格)</p></a><a href=""https://nom2.jp/nihonshu/lAc6s1t-"" target=""_blank"" style=""color:#2563eb; text-decoration:underline;""><p style=""margin-bottom: 1.5em; line-height: 1.8;"">久保田（KUBOTA）</p>
<ul style=""margin-bottom: 1.5em; width: 100%; border-collapse: collapse;""><li data-s-8813ee6a-3ad9-4e4d-b9ac-9f1d866c6ed4="""" ><p data-s-0a7e021e-f2cc-4970-bc5c-db92e1995b48="""" data-r-0_0_0_1_1_11_3_1_1_1_0a7e021e-f2cc-4970-bc5c-db92e1995b48="""" >吟醸酒</p></li></ul>
<p style=""margin-bottom: 1.5em; line-height: 1.8;"">久保田 千寿 吟醸生原酒</p>
<p style=""margin-bottom: 1.5em; line-height: 1.8;"">¥ 3,652 (参考価格)</p></a><a href=""https://nom2.jp/nihonshu/BFtqVMJL"" target=""_blank"" style=""color:#2563eb; text-decoration:underline;""><p style=""margin-bottom: 1.5em; line-height: 1.8;"">越乃寒梅（KOSHINO KANBAI）</p>
<ul style=""margin-bottom: 1.5em; width: 100%; border-collapse: collapse;""><li data-s-8813ee6a-3ad9-4e4d-b9ac-9f1d866c6ed4="""" ><p data-s-0a7e021e-f2cc-4970-bc5c-db92e1995b48="""" data-r-0_0_0_1_1_12_3_1_1_1_0a7e021e-f2cc-4970-bc5c-db92e1995b48="""" >大吟醸酒</p></li></ul>
<p style=""margin-bottom: 1.5em; line-height: 1.8;"">越乃寒梅 超特撰 大吟醸</p>
<p style=""margin-bottom: 1.5em; line-height: 1.8;"">¥ 6,600 (参考価格)</p></a><a href=""https://nom2.jp/nihonshu/4DOxUaJC"" target=""_blank"" style=""color:#2563eb; text-decoration:underline;""><p style=""margin-bottom: 1.5em; line-height: 1.8;"">久保田（KUBOTA）</p>
<ul style=""margin-bottom: 1.5em; width: 100%; border-collapse: collapse;""><li data-s-8813ee6a-3ad9-4e4d-b9ac-9f1d866c6ed4="""" ><p data-s-0a7e021e-f2cc-4970-bc5c-db92e1995b48="""" data-r-0_0_0_1_1_13_3_1_1_1_0a7e021e-f2cc-4970-bc5c-db92e1995b48="""" >純米大吟醸酒</p></li></ul>
<p style=""margin-bottom: 1.5em; line-height: 1.8;"">久保田 純米大吟醸</p>
<p style=""margin-bottom: 1.5em; line-height: 1.8;"">¥ 1,980 (参考価格)</p></a><a href=""https://nom2.jp/nihonshu/v17xFNzr"" target=""_blank"" style=""color:#2563eb; text-decoration:underline;""><p style=""margin-bottom: 1.5em; line-height: 1.8;"">想天坊（SOUTENBOU）</p>
<ul style=""margin-bottom: 1.5em; width: 100%; border-collapse: collapse;""><li data-s-8813ee6a-3ad9-4e4d-b9ac-9f1d866c6ed4="""" ><p data-s-0a7e021e-f2cc-4970-bc5c-db92e1995b48="""" data-r-0_0_0_1_1_14_3_1_1_1_0a7e021e-f2cc-4970-bc5c-db92e1995b48="""" >純米酒</p></li></ul>
<p style=""margin-bottom: 1.5em; line-height: 1.8;"">想天坊 ゆらぎ</p>
<p style=""margin-bottom: 1.5em; line-height: 1.8;"">¥ 1,513 (参考価格)</p></a><a href=""https://nom2.jp/nihonshu/7MbqjUA2"" target=""_blank"" style=""color:#2563eb; text-decoration:underline;""><p style=""margin-bottom: 1.5em; line-height: 1.8;"">村祐（MURAYU）</p>
<ul style=""margin-bottom: 1.5em; width: 100%; border-collapse: collapse;""><li data-s-8813ee6a-3ad9-4e4d-b9ac-9f1d866c6ed4="""" ><p data-s-0a7e021e-f2cc-4970-bc5c-db92e1995b48="""" data-r-0_0_0_1_1_15_3_1_1_1_0a7e021e-f2cc-4970-bc5c-db92e1995b48="""" >純米吟醸酒</p></li></ul>
<p style=""margin-bottom: 1.5em; line-height: 1.8;"">村祐 紺瑠璃ラベル 生酒</p>
<p style=""margin-bottom: 1.5em; line-height: 1.8;"">¥ 1,980 (参考価格)</p></a><a href=""https://nom2.jp/nihonshu/IZ_W8KZ_"" target=""_blank"" style=""color:#2563eb; text-decoration:underline;""><p style=""margin-bottom: 1.5em; line-height: 1.8;"">村祐（MURAYU）</p>
<ul style=""margin-bottom: 1.5em; width: 100%; border-collapse: collapse;""></ul>
<p style=""margin-bottom: 1.5em; line-height: 1.8;"">村祐 茜ラベル 亀口取り</p>
<p style=""margin-bottom: 1.5em; line-height: 1.8;"">¥ 1,980 (参考価格)</p></a><a href=""https://nom2.jp/nihonshu/ZwqxNw9y"" target=""_blank"" style=""color:#2563eb; text-decoration:underline;""><p style=""margin-bottom: 1.5em; line-height: 1.8;"">北雪（HOKUSETSU）</p>
<ul style=""margin-bottom: 1.5em; width: 100%; border-collapse: collapse;""><li data-s-8813ee6a-3ad9-4e4d-b9ac-9f1d866c6ed4="""" ><p data-s-0a7e021e-f2cc-4970-bc5c-db92e1995b48="""" data-r-0_0_0_1_1_17_3_1_1_1_0a7e021e-f2cc-4970-bc5c-db92e1995b48="""" >大吟醸酒</p></li></ul>
<p style=""margin-bottom: 1.5em; line-height: 1.8;"">北雪　大吟醸YK35</p>
<p style=""margin-bottom: 1.5em; line-height: 1.8;"">¥ 5,500 (参考価格)</p></a><a href=""https://nom2.jp/nihonshu/Gi97qR-0"" target=""_blank"" style=""color:#2563eb; text-decoration:underline;""><p style=""margin-bottom: 1.5em; line-height: 1.8;"">村祐（MURAYU）</p>
<ul style=""margin-bottom: 1.5em; width: 100%; border-collapse: collapse;""><li data-s-8813ee6a-3ad9-4e4d-b9ac-9f1d866c6ed4="""" ><p data-s-0a7e021e-f2cc-4970-bc5c-db92e1995b48="""" data-r-0_0_0_1_1_18_3_1_1_1_0a7e021e-f2cc-4970-bc5c-db92e1995b48="""" >純米大吟醸酒</p></li></ul>
<p style=""margin-bottom: 1.5em; line-height: 1.8;"">村祐 常盤ラベル 生酒</p>
<p style=""margin-bottom: 1.5em; line-height: 1.8;"">¥  4,290 (参考価格)</p></a><a href=""https://nom2.jp/shop/tabibar"" target=""_blank"" style=""color:#2563eb; text-decoration:underline;"">TABI BAR & CAFE SUZUVEL</a>",https://storage.googleapis.com/studio-cms-assets/projects/YPqrD0nkW5/s-901x676_v-fs_webp_7f9b8793-e77e-4376-a8cb-8605d7df61da.jpg,tabibar
sakemizuhashi,SAKE MIZUHASHI,"SAKE MIZUHASHI  
<h2 style=""margin-bottom: 1.5em; line-height: 1.8;"">SAKE MIZUHASHI</h2>
<p style=""margin-bottom: 1.5em; line-height: 1.8;"">住所</p>
<p style=""margin-bottom: 1.5em; line-height: 1.8;"">〒106-0032 東京都港区六本木３丁目３−４</p>
<iframe src=""https://ypqrd0nkw5.studioiframesandbox.com/"" style=""width:100%; height:400px; max-width:600px; border:none; margin-bottom:1.5em;"" scrolling=""no""></iframe>
<p style=""margin-bottom: 1.5em; line-height: 1.8;"">電話番号</p>
<p style=""margin-bottom: 1.5em; line-height: 1.8;"">03‐5545‐5910</p>
<p style=""margin-bottom: 1.5em; line-height: 1.8;"">営業時間</p>
<p style=""margin-bottom: 1.5em; line-height: 1.8;"">10:00 - 19:00</p>
<p style=""margin-bottom: 1.5em; line-height: 1.8;"">定休日</p>
<p style=""margin-bottom: 1.5em; line-height: 1.8;"">日曜・祝日</p>
<p style=""margin-bottom: 1.5em; line-height: 1.8;"">公式サイト</p>
<p style=""margin-bottom: 1.5em; line-height: 1.8;"">http://mizuhashi.jp/</p>
<h1 style=""margin-bottom: 1.5em; line-height: 1.8;"">酒蔵について</h1>
<p style=""margin-bottom: 1.5em; line-height: 1.8;"">「ＳＡＫＥ　ＭＩＺＵＨＡＳＨＩ」は本物だけに拘った日本のお酒のセレクトショップです。<br/><br/>創業明治４２年（1909年）、初代水橋藤吉が麻布市兵衛町二丁目（現在の六本木三丁目の一部）に山屋酒店として酒類販売を始めたのがこの酒屋さんのの原点。<br/><br/>お酒のすばらしさを皆さまへ伝えたい<br/>全国各地の生産者（蔵元）から届く厳選された日本の美酒を豊富にラインナップ。つくり手を知っているSAKE MIZUHASHIはお酒のストーリーや想い、そしてお客様のシーンに合わせたお酒を提案。</p>
<h1 style=""margin-bottom: 1.5em; line-height: 1.8;"">商品一覧</h1>
<a href=""https://nom2.jp/shop/sakemizuhashi"" target=""_blank"" style=""color:#2563eb; text-decoration:underline;"">SAKE MIZUHASHI</a>",https://storage.googleapis.com/studio-cms-assets/projects/YPqrD0nkW5/s-1200x900_v-fms_webp_6358f026-8243-4af8-bc03-0158f02458cd.jpg,sakemizuhashi
theniigata,銀座・新潟情報館　THE NIIGATA,"銀座・新潟情報館　THE NIIGATA  
<h2 style=""margin-bottom: 1.5em; line-height: 1.8;"">銀座・新潟情報館　THE NIIGATA</h2>
<p style=""margin-bottom: 1.5em; line-height: 1.8;"">住所</p>
<p style=""margin-bottom: 1.5em; line-height: 1.8;"">〒104-0061 東京都中央区銀座５丁目６−７</p>
<iframe src=""https://ypqrd0nkw5.studioiframesandbox.com/"" style=""width:100%; height:400px; max-width:600px; border:none; margin-bottom:1.5em;"" scrolling=""no""></iframe>
<p style=""margin-bottom: 1.5em; line-height: 1.8;"">電話番号</p>
<p style=""margin-bottom: 1.5em; line-height: 1.8;"">0362806635</p>
<p style=""margin-bottom: 1.5em; line-height: 1.8;"">営業時間</p>
<p style=""margin-bottom: 1.5em; line-height: 1.8;"">10:30 - 19:30</p>
<p style=""margin-bottom: 1.5em; line-height: 1.8;"">定休日</p>
<p style=""margin-bottom: 1.5em; line-height: 1.8;"">1/1～1/3</p>
<p style=""margin-bottom: 1.5em; line-height: 1.8;"">公式サイト</p>
<p style=""margin-bottom: 1.5em; line-height: 1.8;"">https://the-niigata.jp/</p>
<h1 style=""margin-bottom: 1.5em; line-height: 1.8;"">酒蔵について</h1>
<p style=""margin-bottom: 1.5em; line-height: 1.8;"">「銀座・新潟情報館 THE NIIGATA」は新潟県のアンテナショップ。<br/><br/>誰もが知る新潟県の強み、「米」「酒」「雪」に加え、大地の芸術祭や、豊かな自然が織りなす美しい景観、優れた技術に支えられた伝統工芸品などを「アート」という切り口で再構築し、新たな魅力として発信しています。<br/><br/> ＜フロア構成＞ <br/>●８階：レストラン「THE NIIGATA Bit GINZA」 <br/>●３階：イベントスペース <br/>●２階：ショップ（新潟清酒試飲、工芸品等販売、ふるさと納税、免税カウンター）<br/>●１階：ショップ（おにぎり販売、県産品販売、情報コーナー） <br/>●地下１階：移住相談窓口「にいがた暮らし・しごと支援センター」<br/><br/> すずらん通りに立地。銀座駅から徒歩３分。有楽町駅からでも10分。</p>
<h1 style=""margin-bottom: 1.5em; line-height: 1.8;"">商品一覧</h1>
<a href=""https://nom2.jp/nihonshu/X1NfzEZf"" target=""_blank"" style=""color:#2563eb; text-decoration:underline;""><p style=""margin-bottom: 1.5em; line-height: 1.8;"">コシノロクハク（KOSHINOROKUHAKU）</p>
<ul style=""margin-bottom: 1.5em; width: 100%; border-collapse: collapse;""><li data-s-8813ee6a-3ad9-4e4d-b9ac-9f1d866c6ed4="""" ><p data-s-0a7e021e-f2cc-4970-bc5c-db92e1995b48="""" data-r-0_0_0_1_1_0_3_1_1_1_0a7e021e-f2cc-4970-bc5c-db92e1995b48="""" >ブレンド酒</p></li></ul>
<p style=""margin-bottom: 1.5em; line-height: 1.8;"">「コシノロクハク」 新春ブレンド（春季限定酒）</p>
<p style=""margin-bottom: 1.5em; line-height: 1.8;"">¥ 1,408 (参考価格)</p></a><a href=""https://nom2.jp/shop/theniigata"" target=""_blank"" style=""color:#2563eb; text-decoration:underline;"">銀座・新潟情報館　THE NIIGATA</a>",https://storage.googleapis.com/studio-cms-assets/projects/YPqrD0nkW5/s-2400x1800_v-frms_webp_39031347-43d7-4008-a08f-9e76a3550826.jpg,theniigata
hinemos-nakameguro,hinemos 中目黒店,"hinemos 中目黒店  
<h2 style=""margin-bottom: 1.5em; line-height: 1.8;"">hinemos 中目黒店</h2>
<p style=""margin-bottom: 1.5em; line-height: 1.8;"">住所</p>
<p style=""margin-bottom: 1.5em; line-height: 1.8;"">〒153-0051 東京都目黒区上目黒３丁目３−６ 尾留川ビル 1F</p>
<iframe src=""https://ypqrd0nkw5.studioiframesandbox.com/"" style=""width:100%; height:400px; max-width:600px; border:none; margin-bottom:1.5em;"" scrolling=""no""></iframe>
<p style=""margin-bottom: 1.5em; line-height: 1.8;"">電話番号</p>
<p style=""margin-bottom: 1.5em; line-height: 1.8;"">-</p>
<p style=""margin-bottom: 1.5em; line-height: 1.8;"">営業時間</p>
<p style=""margin-bottom: 1.5em; line-height: 1.8;"">13:00 - 21:00</p>
<p style=""margin-bottom: 1.5em; line-height: 1.8;"">定休日</p>
<p style=""margin-bottom: 1.5em; line-height: 1.8;"">お盆期間など</p>
<p style=""margin-bottom: 1.5em; line-height: 1.8;"">公式サイト</p>
<p style=""margin-bottom: 1.5em; line-height: 1.8;"">https://hinemos.tokyo/pages/hinemosnakameguro</p>
<h1 style=""margin-bottom: 1.5em; line-height: 1.8;"">酒蔵について</h1>
<p style=""margin-bottom: 1.5em; line-height: 1.8;"">HINEMOS初の直営店オープン！<br/>2023年7月にHINEMOS（ひねもす）中目黒店がオープンしました。中目黒駅改札から徒歩10秒という抜群の立地にあるお店では、HINEMOSの各銘柄を無料で試飲していただけます。<br/><br/>人気のミニボトル飲み比べセットや季節限定ボトルに加えて、過去の限定ボトルも直営店では数量限定で販売しております。<br/><br/>また、12銘柄のミニボトルを自由に組み合わせてセットにできるアソートセット「FIT TIME」も直営店限定で提供中です。<br/><br/>ぜひHINEMOSと過ごす豊かな時間をご体験くださいませ。</p>
<h1 style=""margin-bottom: 1.5em; line-height: 1.8;"">商品一覧</h1>
<a href=""https://nom2.jp/nihonshu/IBN82Tzc"" target=""_blank"" style=""color:#2563eb; text-decoration:underline;""><p style=""margin-bottom: 1.5em; line-height: 1.8;"">hinemos（ひねもす）</p>
<ul style=""margin-bottom: 1.5em; width: 100%; border-collapse: collapse;""><li data-s-8813ee6a-3ad9-4e4d-b9ac-9f1d866c6ed4="""" ><p data-s-0a7e021e-f2cc-4970-bc5c-db92e1995b48="""" data-r-0_0_0_1_1_0_3_1_1_1_0a7e021e-f2cc-4970-bc5c-db92e1995b48="""" >スパークリング</p></li><li data-s-8813ee6a-3ad9-4e4d-b9ac-9f1d866c6ed4="""" ><p data-s-0a7e021e-f2cc-4970-bc5c-db92e1995b48="""" data-r-0_1_0_1_1_0_3_1_1_1_0a7e021e-f2cc-4970-bc5c-db92e1995b48="""" >純米吟醸酒</p></li><li data-s-8813ee6a-3ad9-4e4d-b9ac-9f1d866c6ed4="""" ><p data-s-0a7e021e-f2cc-4970-bc5c-db92e1995b48="""" data-r-0_2_0_1_1_0_3_1_1_1_0a7e021e-f2cc-4970-bc5c-db92e1995b48="""" >純米酒</p></li><li data-s-8813ee6a-3ad9-4e4d-b9ac-9f1d866c6ed4="""" ><p data-s-0a7e021e-f2cc-4970-bc5c-db92e1995b48="""" data-r-0_3_0_1_1_0_3_1_1_1_0a7e021e-f2cc-4970-bc5c-db92e1995b48="""" >特別純米酒</p></li></ul>
<p style=""margin-bottom: 1.5em; line-height: 1.8;"">hinemos 日本酒</p>
<p style=""margin-bottom: 1.5em; line-height: 1.8;"">¥ 9,580 (参考価格)</p></a><a href=""https://nom2.jp/shop/hinemos-nakameguro"" target=""_blank"" style=""color:#2563eb; text-decoration:underline;"">hinemos 中目黒店</a>",https://storage.googleapis.com/studio-cms-assets/projects/YPqrD0nkW5/s-756x580_v-fs_webp_8d461944-e8cf-44b2-b78e-6ec175516456.png,hinemos-nakameguro
kubota-niigata,久保田 NIIGATA,"久保田 NIIGATA  
<h2 style=""margin-bottom: 1.5em; line-height: 1.8;"">久保田 NIIGATA</h2>
<p style=""margin-bottom: 1.5em; line-height: 1.8;"">住所</p>
<p style=""margin-bottom: 1.5em; line-height: 1.8;"">新潟県新潟市中央区花園1-1-1　JR 新潟駅内 CoCoLo 新潟 2F EAST SIDE</p>
<iframe src=""https://ypqrd0nkw5.studioiframesandbox.com/"" style=""width:100%; height:400px; max-width:600px; border:none; margin-bottom:1.5em;"" scrolling=""no""></iframe>
<p style=""margin-bottom: 1.5em; line-height: 1.8;"">電話番号</p>
<p style=""margin-bottom: 1.5em; line-height: 1.8;"">025-288-1377</p>
<p style=""margin-bottom: 1.5em; line-height: 1.8;"">営業時間</p>
<p style=""margin-bottom: 1.5em; line-height: 1.8;"">10:00 - 20:30</p>
<p style=""margin-bottom: 1.5em; line-height: 1.8;"">定休日</p>
<p style=""margin-bottom: 1.5em; line-height: 1.8;"">元旦、および年２回のメンテナンス日（CoCoLo新潟の休館日に準ずる）</p>
<p style=""margin-bottom: 1.5em; line-height: 1.8;"">公式サイト</p>
<p style=""margin-bottom: 1.5em; line-height: 1.8;"">https://www.asahi-shuzo.co.jp/shop/niigata/niigata_kubota/</p>
<h1 style=""margin-bottom: 1.5em; line-height: 1.8;"">酒蔵について</h1>
<p style=""margin-bottom: 1.5em; line-height: 1.8;"">［久保田 NIIGATA］は、<br/>朝日酒造が本当の美味しさにこだわった<br/>日本酒と食品を取り揃えたお店です。<br/>素材の質、職人の技、酒の味。<br/>すべてにおいて“ 本物” であることを一途に追い求めてきました。<br/>本物を愉しみたい。<br/>大切な人に贈りたい。<br/>そんな皆さまにとって、選ぶ時間が特別なひとときになるようなお店。<br/>それが［久保田 NIIGATA］です。</p>
<h1 style=""margin-bottom: 1.5em; line-height: 1.8;"">商品一覧</h1>
<a href=""https://nom2.jp/nihonshu/4DOxUaJC"" target=""_blank"" style=""color:#2563eb; text-decoration:underline;""><p style=""margin-bottom: 1.5em; line-height: 1.8;"">久保田（KUBOTA）</p>
<ul style=""margin-bottom: 1.5em; width: 100%; border-collapse: collapse;""><li data-s-8813ee6a-3ad9-4e4d-b9ac-9f1d866c6ed4="""" ><p data-s-0a7e021e-f2cc-4970-bc5c-db92e1995b48="""" data-r-0_0_0_1_1_0_3_1_1_1_0a7e021e-f2cc-4970-bc5c-db92e1995b48="""" >純米大吟醸酒</p></li></ul>
<p style=""margin-bottom: 1.5em; line-height: 1.8;"">久保田 純米大吟醸</p>
<p style=""margin-bottom: 1.5em; line-height: 1.8;"">¥ 1,980 (参考価格)</p></a><a href=""https://nom2.jp/nihonshu/a8MzId2S"" target=""_blank"" style=""color:#2563eb; text-decoration:underline;""><p style=""margin-bottom: 1.5em; line-height: 1.8;"">久保田（KUBOTA）</p>
<ul style=""margin-bottom: 1.5em; width: 100%; border-collapse: collapse;""><li data-s-8813ee6a-3ad9-4e4d-b9ac-9f1d866c6ed4="""" ><p data-s-0a7e021e-f2cc-4970-bc5c-db92e1995b48="""" data-r-0_0_0_1_1_1_3_1_1_1_0a7e021e-f2cc-4970-bc5c-db92e1995b48="""" >純米大吟醸酒</p></li></ul>
<p style=""margin-bottom: 1.5em; line-height: 1.8;"">純米大吟醸 久保田 萬寿（まんじゅ）</p>
<p style=""margin-bottom: 1.5em; line-height: 1.8;"">¥ 4,590 (参考価格)</p></a><a href=""https://nom2.jp/shop/kubota-niigata"" target=""_blank"" style=""color:#2563eb; text-decoration:underline;"">久保田 NIIGATA</a>",https://storage.googleapis.com/studio-cms-assets/projects/YPqrD0nkW5/s-520x520_webp_abe1bc3a-cbb2-47c6-8178-9a14b4c42573.png,kubota-niigata
minatoya-shoten,世界の酒蔵 港屋商店（MINATOYA）,"世界の酒蔵 港屋商店（MINATOYA）  
<h2 style=""margin-bottom: 1.5em; line-height: 1.8;"">世界の酒蔵 港屋商店（MINATOYA）</h2>
<p style=""margin-bottom: 1.5em; line-height: 1.8;"">住所</p>
<p style=""margin-bottom: 1.5em; line-height: 1.8;"">〒160-0023 東京都新宿区西新宿1-4-2　3Ｆ</p>
<iframe src=""https://ypqrd0nkw5.studioiframesandbox.com/"" style=""width:100%; height:400px; max-width:600px; border:none; margin-bottom:1.5em;"" scrolling=""no""></iframe>
<p style=""margin-bottom: 1.5em; line-height: 1.8;"">電話番号</p>
<p style=""margin-bottom: 1.5em; line-height: 1.8;"">03-3342-1636</p>
<p style=""margin-bottom: 1.5em; line-height: 1.8;"">営業時間</p>
<p style=""margin-bottom: 1.5em; line-height: 1.8;"">11:00 - 19:00</p>
<p style=""margin-bottom: 1.5em; line-height: 1.8;"">定休日</p>
<p style=""margin-bottom: 1.5em; line-height: 1.8;"">日曜日・祝日</p>
<p style=""margin-bottom: 1.5em; line-height: 1.8;"">公式サイト</p>
<h1 style=""margin-bottom: 1.5em; line-height: 1.8;"">酒蔵について</h1>
<p style=""margin-bottom: 1.5em; line-height: 1.8;"">戦後まもなく西新宿で創業した老舗の酒屋さん。当初は業務用卸の酒店でスタート。<br/><br/>以来、新宿の多様な店舗に酒類を提供してきたこともあり、品揃えには定評あり。<br/>新宿駅の目の前という絶好のロケーションにありながら、手売りができるこの店はかなりの酒通でも満足できる品揃え。<br/>限定品やレア物も随時入荷するのでいついっても違う顔ぶれに出会うことができます。<br/><br/>店主は気さくでお酒の知識がとてつもなく豊富で、気になるお酒があればぜひ聞いてみてください。</p>
<h1 style=""margin-bottom: 1.5em; line-height: 1.8;"">商品一覧</h1>
<a href=""https://nom2.jp/nihonshu/v17xFNzr"" target=""_blank"" style=""color:#2563eb; text-decoration:underline;""><p style=""margin-bottom: 1.5em; line-height: 1.8;"">想天坊（SOUTENBOU）</p>
<ul style=""margin-bottom: 1.5em; width: 100%; border-collapse: collapse;""><li data-s-8813ee6a-3ad9-4e4d-b9ac-9f1d866c6ed4="""" ><p data-s-0a7e021e-f2cc-4970-bc5c-db92e1995b48="""" data-r-0_0_0_1_1_0_3_1_1_1_0a7e021e-f2cc-4970-bc5c-db92e1995b48="""" >純米酒</p></li></ul>
<p style=""margin-bottom: 1.5em; line-height: 1.8;"">想天坊 ゆらぎ</p>
<p style=""margin-bottom: 1.5em; line-height: 1.8;"">¥ 1,513 (参考価格)</p></a><a href=""https://nom2.jp/shop/minatoya-shoten"" target=""_blank"" style=""color:#2563eb; text-decoration:underline;"">世界の酒蔵 港屋商店（MINATOYA）</a>",https://storage.googleapis.com/studio-cms-assets/projects/YPqrD0nkW5/s-1200x800_v-fms_webp_46ea129a-26f6-4bc8-9159-689242e924a9.png,minatoya-shoten